Source,Target,Weight
85,88,1
296,298,1
119,102,1
423,447,1
135,127,1
369,375,1
466,468,1
465,432,1
295,304,1
69,63,1
68,76,1
50,65,1
290,291,1
170,161,1
58,66,1
210,215,1
512,518,1
251,246,1
292,314,1
291,352,1
10,15,1
145,4,1
288,277,1
316,306,1
152,153,1
337,352,1
530,515,1
511,501,1
39,63,1
395,397,1
492,504,1
383,394,1
400,408,1
529,515,1
416,407,1
144,4,1
397,390,1
159,163,1
5,20,1
190,186,1
15,21,1
539,544,1
435,445,1
34,13,1
136,64,1
517,518,1
378,312,1
334,321,1
377,366,1
201,218,1
270,280,1
34,5,1
478,493,1
355,340,1
197,182,1
430,438,1
124,64,1
185,188,1
383,396,1
313,284,1
356,341,1
14,18,1
426,387,1
465,451,1
302,309,1
295,298,1
164,154,1
102,106,1
1,34,1
276,277,1
498,502,1
38,63,1
209,213,1
244,258,1
256,259,1
291,403,1
116,123,1
464,465,1
112,107,1
244,260,1
319,291,1
489,487,1
266,278,1
58,60,1
525,526,1
37,74,1
268,282,1
211,216,1
36,107,1
49,53,1
5,7,1
455,441,1
287,278,1
186,100,1
241,234,1
226,69,1
260,245,1
378,368,1
321,441,1
68,135,1
426,446,1
117,128,1
0,16,1
165,158,1
191,214,1
336,339,1
465,442,1
171,100,1
409,411,1
224,211,1
164,151,1
2,23,1
77,153,1
50,52,1
17,25,1
103,41,1
116,135,1
478,488,1
26,17,1
35,9,1
68,136,1
208,213,1
41,109,1
530,513,1
258,246,1
533,513,1
504,506,1
177,183,1
312,308,1
515,518,1
181,186,1
79,89,1
311,305,1
376,379,1
435,443,1
47,55,1
376,365,1
164,121,1
28,14,1
535,548,1
181,88,1
37,40,1
171,180,1
232,236,1
94,82,1
462,350,1
17,19,1
401,411,1
44,53,1
424,426,1
312,291,2
104,109,1
311,301,1
182,185,1
460,463,1
441,508,1
0,24,1
455,434,1
77,43,1
130,133,1
267,273,1
71,136,1
423,448,1
191,6,1
378,291,1
459,460,1
281,407,1
455,444,1
6,173,1
121,129,1
312,368,1
461,443,1
223,215,1
261,250,1
72,46,1
427,450,1
235,236,1
438,307,1
114,97,1
228,233,1
479,499,1
532,513,1
332,325,1
458,433,1
267,280,1
462,463,1
44,54,1
70,64,1
394,392,1
293,306,1
499,506,1
508,498,1
77,55,1
281,269,1
126,64,1
407,410,1
459,465,1
26,23,1
71,134,1
434,436,1
307,440,1
535,538,1
453,461,1
367,370,1
331,329,1
28,34,1
264,269,1
40,36,1
191,206,1
173,176,1
68,122,1
400,405,1
109,133,1
286,284,1
313,298,1
291,305,1
255,248,1
33,4,2
395,396,1
102,105,1
199,100,1
291,414,1
186,187,1
464,432,1
32,10,1
418,414,1
213,219,1
377,363,1
304,308,1
319,333,1
170,159,1
171,77,1
2,17,1
146,140,1
36,125,1
183,188,1
124,130,1
74,78,1
462,387,1
39,70,1
242,231,1
361,377,1
201,222,1
36,189,1
206,208,1
489,499,1
43,55,1
464,451,1
294,297,1
37,59,1
183,184,1
171,56,1
111,103,1
173,187,1
454,437,1
47,64,1
52,54,1
337,343,1
436,448,1
273,279,1
68,123,1
354,347,1
201,202,1
69,45,1
423,464,1
419,410,1
71,76,1
524,514,1
546,547,1
226,239,1
360,363,1
524,520,1
118,102,1
524,531,1
460,433,1
477,479,1
429,437,1
33,12,1
357,340,1
125,133,1
75,136,1
193,183,1
355,291,1
529,513,1
361,374,1
81,84,1
7,12,1
262,248,1
314,316,1
49,60,1
100,104,1
265,278,1
21,23,1
454,444,1
299,309,1
403,409,1
303,304,1
307,445,1
430,450,1
115,132,1
146,231,1
32,21,1
16,18,1
106,109,1
271,277,1
418,419,1
438,447,1
539,536,1
70,78,1
75,122,1
437,448,1
318,324,1
31,32,1
152,121,1
148,158,1
492,503,1
238,146,1
175,177,1
301,305,1
366,369,1
428,450,1
177,181,1
9,12,1
71,122,1
316,291,1
434,452,1
410,413,1
93,88,1
482,487,1
6,19,1
248,250,1
264,277,1
429,431,1
472,474,1
57,62,1
68,42,1
424,439,1
6,185,1
226,146,1
459,432,1
353,342,1
95,36,1
361,362,1
462,307,1
32,8,1
159,160,1
60,188,1
69,48,1
199,180,1
182,88,1
32,22,1
117,124,1
441,510,1
543,547,1
71,49,1
56,183,1
455,461,1
423,438,1
460,387,1
507,502,1
37,36,1
124,109,1
192,185,1
180,181,1
73,66,1
513,518,1
67,48,1
121,161,1
148,157,1
364,366,1
54,65,1
193,181,1
231,235,1
209,211,1
453,441,1
344,352,1
69,44,1
490,494,1
284,306,1
36,10,1
0,6,1
91,93,1
509,510,1
510,504,1
498,506,1
155,65,1
465,430,1
115,125,1
466,316,1
143,7,1
175,56,1
180,183,1
387,441,1
18,19,1
499,502,1
77,78,1
455,480,1
466,473,1
497,498,1
275,283,1
102,104,1
398,445,1
203,215,1
388,390,1
194,177,1
459,451,1
265,280,1
507,508,1
69,243,1
466,469,1
318,327,1
492,494,1
138,7,1
76,50,1
310,296,1
264,273,1
363,368,1
90,88,1
75,134,1
429,444,1
431,436,1
268,275,1
350,441,1
198,6,1
495,501,1
382,367,1
366,374,1
287,270,1
474,468,1
36,188,1
7,140,1
3,15,1
463,448,1
61,63,1
120,133,1
453,434,1
74,43,1
528,529,1
434,449,1
202,209,1
461,428,1
297,299,1
460,350,1
190,188,1
68,69,1
544,537,1
14,16,1
38,44,1
266,271,1
29,6,1
398,462,1
40,74,1
191,212,1
152,154,1
77,49,1
460,435,1
274,275,1
50,54,1
150,165,1
315,296,1
256,250,1
460,446,1
101,104,1
191,218,1
401,410,1
313,294,1
541,546,1
404,413,1
521,526,1
389,392,1
187,189,1
72,73,1
334,328,1
40,47,1
310,291,1
454,428,1
360,372,1
446,451,1
90,92,1
191,194,1
291,283,1
432,434,1
126,130,1
230,242,1
399,388,1
75,128,1
75,59,1
38,60,1
164,153,1
427,448,1
244,263,1
16,21,1
226,229,1
361,363,1
288,269,1
195,200,1
118,119,1
459,442,1
409,410,1
74,55,1
376,375,1
404,412,1
191,186,1
201,212,1
314,308,1
98,100,1
378,380,1
423,444,1
457,435,1
31,25,1
16,22,1
79,36,1
172,174,1
55,64,1
2,18,1
172,181,1
38,53,1
463,441,1
293,310,1
198,187,1
287,273,1
479,509,1
32,18,1
496,503,1
457,445,1
27,13,1
4,25,1
185,186,1
332,328,1
266,268,1
60,176,1
376,330,1
486,488,1
311,317,1
340,347,1
406,412,1
3,14,2
146,241,1
421,411,1
46,53,1
396,397,1
397,391,1
78,53,1
0,3,2
80,90,1
317,304,1
492,496,1
26,143,1
26,142,1
432,441,1
461,431,1
116,134,1
190,196,1
531,520,1
344,347,1
234,237,1
121,65,1
526,530,1
31,9,1
177,88,1
292,296,1
76,51,1
6,11,1
192,198,1
125,130,1
286,268,1
432,449,1
183,186,1
150,160,1
91,82,1
80,87,1
167,162,1
543,545,1
14,24,1
37,38,1
121,132,1
359,296,1
291,340,1
434,448,1
8,9,1
144,140,1
400,409,1
117,71,1
463,444,1
319,335,1
424,456,1
82,86,1
207,214,1
291,409,1
316,499,1
81,88,1
366,370,1
315,301,1
244,245,1
179,187,1
122,125,1
427,441,1
110,102,1
332,324,1
428,438,1
312,305,1
459,463,1
474,467,1
149,161,1
251,252,1
172,56,1
264,285,1
513,519,1
15,18,1
96,98,1
291,267,1
199,182,1
398,391,1
138,3,1
398,321,1
394,391,1
68,49,1
29,16,1
123,89,1
291,405,1
29,141,1
490,488,1
42,50,1
440,446,1
71,109,1
361,378,1
194,182,1
112,103,1
125,128,1
221,212,1
26,144,1
146,232,1
286,273,1
353,349,1
431,443,1
259,261,1
439,451,1
125,64,1
454,457,1
291,276,1
387,450,1
61,62,1
433,445,1
206,217,1
137,9,1
402,412,1
403,414,1
68,121,1
247,248,1
361,372,1
176,180,1
182,183,1
419,404,1
71,121,1
315,304,1
280,282,1
302,307,1
116,121,1
197,56,1
464,436,1
44,173,1
424,433,1
291,350,1
153,159,1
116,136,1
37,57,1
245,247,1
321,444,1
156,65,1
6,177,1
443,449,1
204,215,1
26,2,1
399,384,1
118,131,1
114,102,1
484,485,1
437,307,1
438,444,1
74,54,1
289,268,1
457,429,1
152,160,1
121,127,1
287,268,1
439,442,1
527,517,1
192,177,1
332,327,1
29,24,1
30,21,1
304,305,1
27,33,1
516,518,1
73,43,1
113,36,1
436,321,1
300,308,1
52,58,1
222,211,1
34,19,1
43,66,1
72,52,1
124,131,1
168,169,1
7,22,1
381,373,1
260,263,1
377,364,1
512,516,1
333,330,1
172,183,1
129,102,1
361,370,1
454,431,1
143,29,1
398,459,1
417,414,1
103,108,1
463,434,1
92,89,1
69,41,1
95,113,1
229,239,1
542,545,1
461,437,1
469,506,1
296,303,1
338,345,1
120,125,1
112,98,1
30,22,1
194,198,1
181,183,1
191,56,1
36,14,2
238,231,1
150,163,1
70,47,1
261,249,1
455,457,1
334,322,1
110,104,1
176,100,1
191,217,1
37,62,1
381,370,1
406,413,1
73,53,1
154,162,1
249,250,1
291,363,1
378,372,1
401,402,1
358,339,1
221,218,1
176,56,1
515,516,1
65,66,1
0,10,1
190,176,1
443,452,1
67,136,1
114,109,1
56,66,1
494,487,1
36,122,1
197,180,1
77,174,1
118,125,1
472,497,1
126,131,1
207,218,1
431,451,1
260,249,1
310,481,1
58,64,1
43,61,1
522,515,1
33,21,1
383,387,1
489,506,1
431,432,1
320,300,1
30,8,1
496,504,1
27,25,1
34,14,1
437,444,1
26,139,1
272,282,1
67,122,1
36,156,1
384,388,1
455,458,1
44,187,1
354,358,1
428,447,1
119,123,1
297,306,1
394,395,1
501,503,1
147,150,1
97,109,1
367,374,1
459,350,1
136,133,1
139,141,1
116,109,1
77,181,1
365,369,1
291,272,1
301,308,1
73,55,1
398,449,1
464,442,1
129,131,1
314,302,1
56,65,1
333,300,1
354,338,1
224,213,1
291,285,1
1,14,1
44,64,1
57,60,1
190,77,1
441,472,1
4,13,1
135,136,1
457,463,1
77,66,1
112,105,1
460,439,1
310,299,1
292,300,1
427,444,1
256,249,1
316,297,1
78,60,1
523,526,1
454,429,1
67,134,1
265,268,1
6,15,1
50,56,1
158,162,1
9,141,1
431,442,1
7,16,1
79,85,1
59,63,1
169,160,1
30,12,1
118,120,1
469,492,2
164,162,1
539,547,1
37,63,1
68,134,1
358,338,1
101,106,1
195,77,1
87,89,1
118,136,1
521,518,1
41,49,1
74,49,1
310,317,1
191,195,1
299,300,1
444,452,1
532,515,1
269,274,1
355,342,1
110,106,1
39,42,1
459,387,1
103,106,1
9,22,1
457,462,1
539,541,1
421,410,1
148,156,1
525,517,1
357,343,1
457,350,1
444,449,1
490,491,1
272,273,1
196,200,1
36,177,1
469,502,1
378,381,1
515,517,1
424,440,1
35,18,1
427,434,1
428,321,1
360,377,1
454,458,1
423,458,1
293,312,1
275,280,1
425,436,1
457,446,1
380,364,1
310,314,1
222,213,1
290,285,1
135,134,1
27,36,1
479,506,1
47,54,1
181,56,1
423,307,1
541,548,1
36,186,1
489,509,1
273,280,1
73,78,1
338,343,1
491,486,1
312,296,2
398,452,1
531,514,1
456,443,1
9,21,1
289,284,1
197,100,1
116,122,1
36,134,1
69,70,1
169,163,1
281,289,1
315,317,1
298,304,1
33,8,1
408,415,1
457,387,1
302,145,1
100,106,1
37,44,1
24,25,1
38,70,1
60,184,1
153,161,1
417,407,1
380,371,1
155,156,1
168,156,1
160,161,1
3,141,1
96,105,1
477,480,1
33,22,1
15,22,1
72,66,1
174,182,1
225,212,1
199,189,1
383,399,1
316,299,1
400,417,1
42,59,1
77,183,1
263,248,1
424,398,1
70,54,1
44,60,2
490,493,1
60,175,1
508,511,1
345,349,1
27,32,1
410,414,1
225,218,1
4,141,1
171,182,1
354,339,1
200,182,1
331,328,1
453,443,1
311,314,1
387,446,1
34,11,1
207,212,1
135,122,1
74,64,1
53,56,1
511,505,1
60,63,1
495,509,1
146,233,1
47,48,1
439,440,1
376,367,1
149,159,1
362,369,1
512,517,1
438,448,1
1,30,1
313,305,1
291,370,1
296,284,1
311,509,1
469,487,1
427,321,1
492,493,1
75,125,1
76,65,1
194,36,1
525,516,1
169,156,1
286,283,1
398,428,1
44,51,1
264,279,1
51,59,1
149,65,1
256,258,1
3,11,1
430,441,1
254,246,1
74,61,1
171,186,1
423,449,1
327,329,1
463,433,1
286,278,1
478,479,1
35,25,1
208,210,1
77,42,1
419,403,1
224,205,1
28,32,1
200,88,1
103,107,1
119,64,1
242,236,1
376,364,1
199,186,1
243,236,1
320,327,1
166,161,1
288,274,1
2,10,1
202,207,1
432,433,1
475,478,1
76,52,1
314,300,1
73,60,1
244,251,1
104,108,1
527,519,1
426,431,1
48,66,1
73,76,1
429,452,1
10,17,1
112,101,1
208,219,1
110,97,1
180,187,1
111,101,1
193,187,1
64,129,1
294,309,1
510,496,1
193,176,1
77,185,1
231,233,1
428,452,1
338,340,1
399,386,1
454,435,1
177,187,1
426,437,1
320,332,1
346,347,1
395,384,1
333,325,1
36,106,1
118,134,1
220,225,1
71,61,1
93,81,1
430,434,1
350,438,1
212,213,1
224,225,1
360,364,1
424,461,1
442,451,1
32,23,1
36,15,1
83,85,1
454,442,1
426,444,1
95,110,1
296,302,1
319,323,1
524,515,1
417,291,1
523,530,1
443,444,1
401,404,1
259,249,1
0,12,1
509,502,1
455,439,1
425,429,1
400,413,1
244,261,1
119,130,1
335,329,1
176,182,1
311,284,1
321,448,1
200,173,1
541,538,1
462,444,1
379,366,1
461,445,1
48,53,1
197,88,1
513,516,1
417,409,1
305,308,1
240,234,1
256,260,1
337,342,1
526,520,1
456,439,1
484,486,1
175,188,1
438,450,1
526,531,1
192,181,1
38,72,1
41,42,1
35,36,1
199,177,1
191,208,1
143,142,1
190,179,1
368,371,1
164,165,1
424,441,1
355,350,1
71,73,1
295,302,1
322,328,1
459,435,1
512,533,1
121,156,1
267,276,1
478,492,1
172,196,1
321,439,1
269,282,1
6,181,1
427,307,1
435,440,1
60,178,1
213,216,1
539,542,1
194,180,1
454,432,1
461,429,1
80,56,1
193,196,1
201,208,1
411,412,1
297,284,1
444,445,1
60,179,1
1,18,1
99,100,1
10,23,1
454,451,1
429,445,1
454,350,1
509,506,1
371,373,1
311,506,1
67,123,1
291,406,1
255,247,1
191,187,1
117,126,1
522,531,1
50,64,1
377,381,1
8,24,1
465,307,1
175,88,1
310,305,1
256,263,1
28,25,1
192,183,1
291,341,1
289,278,1
522,520,1
44,58,1
441,505,1
115,127,1
178,184,1
70,75,1
291,343,1
492,505,1
4,15,1
118,122,1
8,16,1
528,517,1
195,6,1
269,276,1
489,508,1
27,31,1
70,66,1
225,206,1
530,533,1
401,422,1
310,301,1
152,163,1
270,271,1
369,370,1
96,103,1
293,301,1
345,351,1
423,452,1
454,387,1
282,284,1
455,321,1
194,100,1
1,15,1
330,375,1
331,333,1
172,190,1
357,350,1
0,28,1
377,380,1
434,437,1
420,422,1
252,256,1
29,3,2
137,138,1
464,449,1
45,48,1
190,178,1
6,183,1
4,11,1
13,16,1
42,63,1
540,538,1
168,65,1
47,58,1
191,100,1
418,421,1
321,322,1
67,46,1
44,47,1
314,298,1
361,380,1
193,188,1
313,302,1
342,346,1
421,412,1
9,18,1
396,386,1
115,71,1
318,320,1
457,433,1
427,447,1
541,543,1
459,307,1
460,444,1
350,351,1
71,126,1
512,522,1
245,250,1
41,63,1
404,405,1
220,209,1
298,303,1
425,440,1
288,290,1
259,260,1
529,533,1
459,446,1
65,163,1
191,193,1
436,442,1
312,317,1
182,188,1
128,132,1
251,254,1
342,343,1
355,352,1
130,131,1
326,328,1
42,51,1
176,184,1
137,33,1
197,185,1
455,452,1
440,441,1
425,445,1
64,132,1
441,495,1
260,261,1
150,157,1
423,459,1
462,465,1
290,267,1
315,291,1
353,356,1
103,105,1
359,373,1
13,18,1
223,203,1
427,449,1
40,70,1
291,364,1
4,5,1
56,100,1
100,189,1
221,205,1
454,446,1
369,374,1
53,63,1
97,102,1
425,462,1
26,19,1
150,158,1
252,249,1
424,434,1
455,459,1
426,428,1
458,448,1
317,302,1
417,413,1
60,62,1
135,125,1
483,486,1
437,449,1
382,366,1
37,45,1
220,216,1
6,182,1
288,273,1
68,109,1
35,13,1
37,41,1
417,402,1
39,74,1
340,349,1
322,326,1
330,365,1
547,538,1
191,180,1
429,321,1
363,371,1
225,214,1
40,53,1
47,61,1
112,99,1
316,474,1
275,277,1
279,284,1
311,296,1
165,166,1
281,279,1
69,59,1
76,58,1
175,186,1
306,309,1
332,321,1
96,102,1
117,133,1
204,208,1
461,462,1
435,437,1
36,97,1
48,55,1
478,494,1
386,392,1
43,59,1
353,341,1
114,107,1
32,35,1
172,176,1
512,528,1
39,61,1
12,21,1
521,528,1
281,421,1
75,41,1
261,263,1
428,434,1
166,159,1
466,467,1
165,169,1
521,516,1
126,102,1
36,185,1
462,432,1
150,168,1
394,398,1
491,487,1
238,241,1
527,534,1
13,24,1
67,69,1
436,451,1
400,403,1
462,451,1
492,488,1
320,324,1
288,284,1
95,109,1
238,232,1
59,62,1
135,36,1
28,5,1
75,45,1
421,402,1
37,70,1
382,369,1
111,108,1
532,516,1
289,323,1
77,88,1
223,208,1
526,534,1
269,272,1
73,46,1
35,10,1
81,85,1
200,181,1
174,187,1
67,76,1
456,433,1
531,534,1
265,285,1
214,218,1
194,199,1
492,472,1
200,60,1
251,262,1
428,449,1
333,324,1
512,519,1
521,519,1
36,123,1
493,487,1
244,257,1
427,452,1
38,39,1
273,278,1
424,430,1
76,56,1
80,86,1
148,65,1
200,185,1
31,14,1
453,439,1
259,263,1
413,414,1
437,452,1
180,186,1
179,88,1
26,22,1
80,81,1
190,36,1
336,346,1
361,365,1
507,506,1
440,448,1
380,363,1
420,408,1
194,56,1
357,349,1
201,204,1
277,284,1
36,46,1
542,547,1
26,21,1
379,364,1
71,102,1
124,133,1
26,8,1
171,194,1
172,195,1
42,58,1
409,415,1
507,509,1
268,274,1
103,104,1
361,381,1
191,204,1
37,48,1
395,398,1
113,41,1
143,145,1
292,291,1
311,502,1
78,50,1
300,330,1
131,134,1
65,160,1
527,528,1
30,4,1
169,65,1
151,65,1
230,233,1
419,413,1
401,415,1
75,48,1
448,451,1
167,168,1
293,314,1
335,326,1
28,36,1
233,236,1
122,64,1
38,77,1
69,62,1
111,98,1
294,300,1
229,237,1
357,291,1
177,188,1
521,522,1
56,185,1
111,99,1
119,120,1
197,183,1
443,448,1
26,29,2
417,408,1
404,411,1
37,77,1
222,205,1
67,73,1
256,245,1
178,179,1
168,160,1
416,412,1
72,76,1
68,53,1
71,123,1
432,439,1
40,60,1
242,232,1
116,126,1
270,279,1
26,35,1
147,152,1
315,145,1
497,504,1
455,448,1
68,74,1
118,123,1
137,36,1
343,351,1
455,433,1
64,65,1
70,43,1
312,314,1
175,185,1
205,218,1
485,486,1
9,17,1
77,61,1
336,341,1
39,62,1
342,351,1
408,411,1
462,442,1
3,25,1
253,246,1
153,184,1
30,31,1
192,88,1
320,325,1
527,530,1
32,2,1
123,125,1
334,326,1
29,10,1
453,456,1
388,389,1
5,9,1
400,402,1
4,14,2
311,508,1
307,308,1
408,410,1
36,2,1
526,532,1
197,181,1
465,447,1
73,47,1
313,308,1
175,176,1
293,317,1
200,183,1
423,451,1
17,20,1
395,391,1
54,63,1
227,235,1
440,444,1
379,363,1
147,153,1
522,514,1
428,441,1
193,195,1
136,127,1
317,145,1
149,156,1
331,335,1
446,449,1
128,129,1
490,492,1
534,519,1
196,188,1
356,339,1
243,232,1
69,57,1
71,42,1
264,289,1
78,58,1
12,22,1
270,273,1
453,398,1
423,432,1
234,235,1
74,42,1
314,294,1
211,215,1
223,204,1
194,189,1
434,445,1
312,284,1
361,375,1
431,440,1
150,169,1
39,40,1
490,483,1
62,65,1
419,405,1
68,36,2
6,180,1
281,268,1
110,41,1
197,186,1
92,56,1
424,425,1
356,357,1
459,438,1
287,283,1
404,410,1
67,125,1
442,448,1
436,452,1
117,130,1
310,308,1
296,306,1
425,428,1
464,437,1
156,161,1
200,174,1
223,217,1
454,463,1
50,51,1
417,406,1
461,463,1
265,266,1
394,384,1
28,13,1
279,285,1
389,393,1
436,449,1
386,391,1
117,64,1
291,308,1
202,216,1
292,308,1
41,61,1
459,464,1
525,518,1
34,36,1
316,284,1
205,212,1
426,462,1
42,57,1
75,76,1
273,285,1
458,430,1
482,478,1
137,140,1
9,23,1
76,64,1
147,121,1
31,3,1
19,21,1
150,166,1
338,342,1
52,53,1
517,519,1
3,5,1
268,272,1
441,311,1
7,142,1
507,499,1
464,431,1
1,10,1
172,186,1
182,186,1
423,321,1
171,172,1
545,547,1
78,47,1
419,411,1
299,308,1
154,161,1
100,41,1
510,511,1
119,131,1
497,501,1
43,64,1
226,233,1
463,439,1
464,321,1
126,128,1
340,341,1
201,217,1
356,345,1
67,45,1
47,51,1
203,216,1
197,174,1
325,327,1
438,321,1
94,86,1
70,55,1
102,107,1
11,16,1
361,291,1
421,407,1
181,188,1
355,356,1
129,130,1
437,451,1
343,344,1
112,108,1
336,356,1
276,285,1
292,295,1
357,342,1
459,444,1
1,2,1
426,445,1
423,442,1
239,234,1
425,430,1
38,49,1
69,36,1
291,323,1
39,44,1
225,217,1
358,347,1
6,88,1
101,108,1
9,139,1
454,436,1
89,134,1
229,240,1
264,280,1
508,497,1
322,329,1
398,429,1
446,452,1
18,20,1
145,141,1
39,59,1
216,219,1
229,238,1
523,515,1
265,282,1
19,22,1
306,145,1
341,346,1
67,41,1
40,63,1
338,352,1
437,442,1
75,46,1
205,214,1
412,414,1
69,74,1
42,45,1
384,385,1
523,517,1
201,206,1
48,64,1
78,51,1
203,209,1
495,499,1
321,452,1
205,206,1
462,435,1
259,245,1
337,354,1
201,214,1
463,435,1
179,153,1
429,448,1
23,25,1
92,81,1
36,88,2
196,176,1
531,532,1
349,351,1
117,67,1
438,452,1
266,286,1
27,9,1
3,13,1
363,372,1
190,44,1
11,24,1
55,66,1
172,187,1
426,453,1
311,312,1
353,350,1
238,239,1
40,57,1
6,23,1
364,367,1
26,7,2
151,162,1
34,25,1
312,373,1
28,33,1
365,373,1
9,10,1
355,341,1
115,133,1
0,141,1
339,341,1
181,185,1
529,516,1
74,66,1
146,14,1
191,223,1
57,63,1
398,437,1
332,322,1
528,530,1
50,58,1
423,460,1
228,235,1
172,188,1
462,436,1
145,142,1
36,176,1
40,44,1
43,54,1
96,109,1
153,187,1
48,60,1
2,8,1
168,163,1
483,485,1
316,497,1
361,368,1
312,301,1
296,371,1
350,450,1
293,284,1
501,505,1
100,188,1
261,245,1
110,111,1
208,211,1
342,344,1
377,372,1
292,299,1
40,62,1
220,207,1
117,68,1
165,157,1
252,259,1
288,291,1
76,54,1
93,56,1
407,411,1
122,133,1
130,102,1
146,242,1
33,35,1
398,431,1
315,307,1
36,45,1
2,21,1
36,41,2
361,330,1
512,530,1
196,6,1
36,102,2
492,498,1
392,393,1
192,174,1
71,46,1
292,293,1
122,128,1
400,291,1
147,154,1
63,64,1
289,283,1
400,281,1
286,274,1
72,48,1
143,144,1
508,500,1
39,36,1
403,407,1
317,307,1
6,174,1
191,182,1
472,499,1
492,510,1
463,387,1
437,321,1
7,139,1
52,60,1
337,291,1
293,296,1
171,200,1
153,154,1
166,168,1
462,446,1
151,156,1
39,57,1
463,350,1
453,433,1
434,321,1
202,223,1
478,491,1
47,59,1
33,142,1
459,447,1
97,103,1
313,316,1
110,114,1
157,65,1
383,386,1
179,183,1
257,247,1
2,22,1
532,533,1
425,437,1
120,132,1
291,269,1
378,363,1
289,328,1
53,57,1
463,446,1
45,50,1
306,307,1
358,346,1
464,428,1
514,520,1
75,123,1
6,17,1
427,438,1
320,291,1
521,533,1
289,335,1
191,203,1
282,283,1
42,48,1
30,6,1
381,369,1
291,275,1
426,429,1
458,445,1
172,193,1
204,217,1
337,340,1
69,236,1
330,367,1
147,151,1
199,56,1
179,181,1
143,139,1
291,407,1
385,390,1
156,159,1
252,250,1
439,443,1
471,472,1
53,62,1
298,299,1
9,142,1
225,204,1
458,462,1
72,45,1
364,365,1
334,329,1
115,75,1
465,440,1
32,17,1
6,100,1
431,307,1
185,100,1
362,367,1
36,18,1
206,215,1
121,159,1
26,20,1
423,465,1
36,48,1
420,409,1
77,46,1
442,444,1
311,306,1
453,440,1
238,236,1
22,24,1
165,65,1
243,231,1
46,49,1
425,431,1
348,352,1
72,41,1
59,61,1
0,4,2
350,440,1
465,438,1
180,188,1
150,164,1
36,152,1
268,276,1
492,500,1
190,184,1
272,279,1
190,175,1
469,499,1
438,441,1
377,375,1
6,21,1
185,187,1
323,330,1
479,500,1
434,446,1
225,208,1
41,104,1
337,346,1
173,100,1
291,351,1
150,170,1
489,485,1
274,278,1
532,518,1
337,356,1
29,18,1
406,414,1
40,46,1
195,196,1
435,451,1
296,305,1
380,381,1
76,63,1
277,283,1
293,294,1
144,139,1
318,322,1
35,6,1
36,139,1
440,450,1
489,498,1
240,235,1
371,374,1
434,387,1
36,182,1
26,31,1
118,133,1
441,499,1
281,403,1
312,309,1
172,177,1
230,239,1
266,275,1
419,406,1
379,369,1
364,369,1
121,133,1
6,22,1
485,487,1
194,186,1
33,19,1
36,23,1
472,511,1
141,142,1
288,267,1
252,248,1
461,307,1
508,499,1
489,507,1
33,23,1
203,212,1
465,445,1
311,299,1
443,446,1
71,55,1
430,439,1
314,284,1
509,499,1
43,45,1
435,442,1
266,282,1
460,431,1
464,429,1
78,56,1
114,98,1
85,56,1
194,183,1
7,23,1
14,142,1
432,444,1
52,65,1
116,36,1
434,447,1
31,15,1
36,174,1
321,328,1
330,370,1
73,58,1
172,198,1
360,379,1
169,170,1
428,433,1
291,346,1
67,135,1
424,454,1
171,189,1
541,536,1
201,215,1
48,62,1
166,121,1
525,534,1
40,52,1
64,128,1
122,124,1
27,30,1
199,77,1
195,188,1
56,189,1
434,350,1
40,65,1
220,221,1
523,524,1
203,218,1
196,186,1
61,65,1
191,183,1
31,24,1
300,307,1
333,291,1
177,153,1
202,224,1
445,452,1
498,505,1
9,11,1
223,206,1
336,355,1
526,516,1
312,365,1
78,54,1
37,73,1
323,300,1
198,88,1
37,49,1
260,246,1
52,56,1
435,387,1
337,341,1
125,129,1
190,6,1
54,59,1
456,434,1
6,8,1
340,348,1
34,2,1
51,55,1
99,105,1
36,17,1
166,151,1
194,181,1
275,285,1
403,413,1
533,514,1
75,120,1
420,410,1
36,119,1
191,181,1
469,474,1
40,69,1
36,66,1
266,287,1
321,449,1
297,305,1
315,309,1
115,68,1
67,102,1
230,234,1
115,67,1
508,501,1
336,348,1
33,139,1
416,415,1
164,161,1
30,16,1
416,403,1
301,302,1
478,489,1
155,159,1
195,179,1
6,187,1
291,375,1
461,387,1
473,467,1
281,283,1
232,237,1
74,50,1
154,155,1
387,440,1
401,405,1
460,437,1
33,17,1
178,187,1
68,78,1
212,217,1
293,313,1
27,15,1
173,180,1
291,302,1
243,234,1
258,248,1
260,262,1
7,10,1
221,208,1
492,485,1
310,307,1
193,177,1
457,436,1
361,379,1
420,405,1
210,218,1
30,24,1
202,211,1
29,9,2
75,43,1
75,55,1
430,440,1
199,60,1
210,212,1
458,444,1
166,154,1
68,130,1
291,300,2
92,86,1
311,297,1
495,507,1
416,417,1
472,467,1
530,518,1
261,262,1
83,89,1
180,56,1
458,429,1
45,59,1
94,83,1
86,87,1
187,88,1
190,195,1
123,127,1
72,54,1
271,284,1
462,443,1
220,191,1
445,449,1
528,513,1
13,25,1
198,181,1
459,429,1
192,36,1
122,131,1
6,56,1
464,445,1
26,140,1
38,56,1
195,178,1
211,213,1
405,411,1
388,393,1
198,176,1
75,78,1
424,462,1
133,102,1
67,131,1
534,515,1
42,62,1
238,243,1
149,36,1
304,306,1
14,139,1
539,545,1
355,345,1
359,312,1
51,64,1
257,258,1
73,51,1
425,443,1
26,13,1
293,298,1
319,334,1
316,501,1
165,163,1
458,437,1
318,321,1
14,23,1
146,9,1
380,372,1
433,436,1
78,52,1
78,65,1
251,258,1
258,260,1
68,60,1
32,3,1
251,260,1
165,156,1
225,203,1
257,260,1
47,65,1
234,236,1
195,176,1
173,56,1
426,439,1
69,76,1
36,131,1
77,177,1
47,52,1
37,69,1
268,271,1
43,50,1
377,330,1
56,59,1
136,132,1
120,129,1
124,134,1
441,501,1
416,404,1
38,76,1
170,153,1
293,308,1
222,207,1
271,272,1
79,91,1
55,61,1
160,162,1
90,94,1
117,89,1
300,145,1
431,447,1
30,18,1
64,131,1
353,351,1
8,13,1
281,417,1
69,146,1
541,544,1
346,351,1
363,364,1
101,109,1
398,432,1
366,373,1
289,321,1
126,134,1
203,206,1
289,291,2
71,64,2
290,274,1
64,66,1
100,109,1
264,283,1
355,357,1
398,385,1
164,168,1
547,536,1
220,210,1
339,350,1
345,348,1
40,73,1
291,330,2
461,350,1
459,448,1
465,429,1
314,295,1
458,431,1
71,78,1
263,250,1
60,61,1
70,50,1
262,246,1
316,308,1
48,65,1
479,507,1
254,257,1
322,325,1
362,374,1
495,498,1
281,414,1
204,207,1
208,212,1
48,52,1
425,307,1
192,199,1
477,455,1
479,498,1
19,20,1
70,49,1
476,480,1
178,188,1
58,65,1
522,524,1
94,87,1
298,309,1
351,352,1
3,18,1
267,284,1
406,409,1
114,101,1
523,532,1
71,47,1
138,9,1
43,48,1
4,18,1
67,42,1
92,83,1
191,215,1
398,350,1
197,6,1
424,445,1
529,518,1
464,448,1
428,439,1
316,510,1
42,44,1
221,203,1
310,477,1
398,387,2
14,17,1
36,181,1
291,296,2
68,64,2
290,271,1
153,160,1
356,338,1
489,500,1
398,451,1
287,285,1
242,243,1
545,536,1
36,142,1
1,5,1
46,66,1
398,389,1
459,445,1
38,75,1
202,213,1
174,153,1
423,436,1
28,9,1
359,371,1
401,417,1
127,129,1
80,84,1
226,243,1
457,448,1
310,145,1
400,421,1
171,199,1
291,277,1
37,46,1
279,280,1
524,530,1
330,374,1
205,217,1
10,20,1
54,64,1
300,302,1
405,410,1
453,430,1
482,483,1
153,162,1
115,64,1
311,499,1
356,358,1
195,36,1
499,505,1
69,42,1
111,100,1
200,153,1
367,368,1
527,516,1
98,41,1
44,61,1
436,307,1
461,446,1
495,500,1
544,538,1
311,291,1
461,435,1
91,87,1
444,446,1
71,130,1
265,275,1
34,17,1
317,309,1
362,370,1
385,387,1
181,189,1
459,462,1
227,238,1
319,331,1
398,463,1
210,217,1
381,365,1
475,479,1
220,219,1
15,24,1
343,348,1
113,102,1
65,162,1
503,506,1
396,388,1
223,214,1
370,375,1
435,436,1
435,446,1
67,119,1
33,11,1
111,105,1
271,276,1
460,321,1
398,442,1
95,103,1
36,183,1
0,140,1
521,520,1
67,66,1
377,379,1
402,405,1
44,177,1
256,262,1
521,531,1
63,66,1
3,9,2
341,350,1
157,162,1
500,506,1
377,367,1
1,19,1
489,486,1
215,216,1
33,2,1
457,321,1
430,433,1
458,428,1
380,291,1
318,329,1
170,121,1
353,344,1
47,56,1
289,322,1
36,55,1
460,445,1
377,382,1
251,263,1
294,284,1
425,464,1
209,218,1
197,200,1
457,451,1
525,532,1
194,196,1
5,25,1
226,230,1
439,450,1
365,374,1
84,88,1
354,345,1
92,93,1
69,242,1
457,432,1
459,428,1
177,189,1
192,175,1
223,225,1
122,130,1
466,474,1
49,56,1
424,429,1
117,127,1
426,448,1
36,99,1
0,31,1
324,300,1
118,71,1
224,212,1
122,126,1
440,443,1
442,447,1
469,497,1
37,76,1
71,66,1
456,435,1
443,445,1
0,21,1
191,173,1
287,271,1
272,284,1
70,72,1
281,408,1
212,214,1
67,55,1
398,435,1
469,486,1
198,186,1
198,185,1
136,129,1
15,16,1
50,60,1
78,64,1
68,120,1
354,357,1
147,160,1
340,352,1
336,337,1
239,240,1
321,326,1
372,374,1
462,428,1
8,14,1
283,284,1
94,84,1
67,43,1
489,492,2
161,163,1
195,186,1
407,412,1
507,492,1
64,130,1
297,308,1
241,243,1
75,119,1
75,56,1
190,182,1
69,232,1
484,487,1
333,327,1
43,58,1
34,23,1
312,300,1
380,368,1
113,114,1
256,247,1
26,25,1
172,173,1
191,88,1
337,350,1
77,47,1
246,247,1
179,185,1
69,241,1
98,101,1
542,538,1
295,303,1
200,6,1
14,141,1
367,372,1
387,442,1
290,272,1
99,106,1
171,188,1
440,447,1
380,366,1
394,397,1
205,208,1
456,461,1
281,270,1
346,349,1
165,170,1
35,12,1
97,99,1
51,61,1
147,167,1
153,189,1
27,29,1
433,451,1
272,280,1
423,428,1
316,305,1
281,274,1
227,239,1
167,153,1
12,18,1
208,218,1
27,2,1
41,44,1
75,102,1
102,108,1
301,309,1
202,219,1
307,439,1
26,33,2
278,279,1
498,501,1
67,120,1
33,20,1
377,365,1
67,49,1
167,159,1
282,285,1
418,422,1
43,51,1
41,106,1
39,41,1
224,218,1
2,14,1
303,145,1
457,459,1
465,437,1
209,212,1
7,18,1
116,128,1
31,2,1
220,211,1
341,345,1
30,3,1
354,348,1
411,414,1
387,451,1
109,132,1
26,138,1
80,93,1
0,8,1
172,60,1
72,58,1
455,449,1
290,276,1
39,45,1
90,91,1
84,56,1
36,120,1
398,446,1
110,101,1
387,389,1
517,520,1
324,330,1
112,100,1
55,59,1
36,5,1
365,370,1
457,465,1
119,125,1
460,429,1
155,163,1
398,399,1
456,446,1
194,188,1
478,455,1
197,173,1
453,307,1
227,234,1
71,119,1
469,471,1
500,502,1
214,219,1
226,227,1
469,470,1
446,448,1
368,296,1
33,7,2
264,274,1
115,130,1
192,60,1
267,283,1
382,373,1
472,316,2
522,532,1
373,375,1
20,24,1
433,442,1
315,295,1
148,161,1
436,438,1
68,131,1
314,306,1
434,307,1
203,214,1
419,291,1
153,182,1
281,280,1
288,283,1
394,393,1
0,22,1
321,329,1
114,105,1
493,488,1
77,189,1
495,508,1
344,349,1
192,184,1
312,375,1
398,393,1
464,444,1
425,438,1
397,399,1
497,503,1
519,520,1
202,210,1
195,189,1
465,431,1
530,516,1
128,134,1
441,445,1
431,438,1
118,130,1
259,250,1
36,43,1
288,272,1
354,355,1
536,537,1
287,277,1
416,420,1
433,448,1
83,56,1
360,375,1
158,159,1
165,152,1
382,365,1
535,544,1
99,104,1
454,449,1
121,64,1
39,48,1
421,405,1
338,348,1
398,436,1
182,189,1
322,327,1
425,447,1
67,78,1
193,198,1
288,276,1
459,437,1
192,173,1
194,176,1
339,342,1
317,296,1
425,456,1
381,291,1
511,506,1
524,534,1
239,237,1
123,134,1
152,155,1
296,301,1
72,59,1
492,511,1
166,36,1
397,387,1
36,160,1
310,315,1
192,178,1
69,231,1
27,20,1
121,130,1
125,132,1
546,548,1
492,501,1
144,142,1
195,199,1
356,347,1
32,16,1
34,35,1
120,126,1
68,55,1
93,86,1
230,238,1
46,61,1
258,262,1
121,158,1
5,13,1
192,44,1
146,237,1
75,52,1
292,304,1
359,369,1
75,65,1
116,89,1
222,209,1
269,273,1
75,131,1
71,120,1
44,185,1
109,129,1
436,447,1
31,4,1
307,452,1
207,215,1
403,406,1
526,515,1
171,176,1
405,407,1
310,478,1
18,22,1
456,441,1
433,444,1
192,179,1
296,373,1
153,100,1
49,65,1
425,398,1
193,186,1
331,334,1
523,525,1
1,9,1
121,155,1
80,83,1
223,212,1
404,407,1
42,49,1
523,534,1
49,57,1
381,368,1
303,309,1
49,52,1
149,162,1
267,272,1
190,180,1
80,82,1
299,301,1
253,255,1
460,448,1
315,300,1
456,350,1
223,218,1
35,4,1
75,66,1
420,404,1
12,23,1
526,518,1
527,515,1
210,214,1
92,84,1
299,305,1
378,373,1
462,437,1
137,4,1
170,36,1
528,533,1
360,365,1
36,11,1
540,546,1
383,388,1
472,468,1
41,57,1
495,497,1
222,216,1
287,269,1
204,209,1
358,348,1
71,43,1
148,159,1
417,418,1
459,431,1
293,305,1
41,62,1
251,249,1
73,50,1
317,300,1
201,203,1
245,249,1
221,225,1
322,324,1
191,174,1
197,60,1
279,282,1
176,187,1
32,24,1
19,23,1
51,54,1
253,247,1
92,82,1
524,525,1
203,217,1
44,46,1
121,160,1
281,413,1
318,326,1
316,301,1
36,130,1
229,242,1
143,146,1
521,527,1
116,124,1
424,431,1
462,431,1
438,439,1
9,19,1
13,19,1
358,345,1
49,62,1
71,131,1
401,420,1
472,496,1
26,34,1
454,433,1
113,97,1
489,497,1
332,334,1
85,89,1
365,296,1
110,108,1
311,315,1
456,387,1
494,485,1
523,529,1
429,433,1
291,362,1
421,406,1
147,163,1
457,442,1
75,127,1
511,502,1
68,43,1
170,151,1
229,234,1
18,21,1
204,216,1
11,12,1
146,138,1
475,476,1
527,533,1
69,61,1
147,148,1
288,285,1
294,298,1
281,409,1
168,152,1
535,536,1
298,300,1
307,449,1
171,196,1
479,497,1
442,446,1
521,513,1
311,303,1
300,309,1
164,159,1
465,428,1
208,214,1
261,247,1
98,108,1
320,322,1
190,100,1
74,47,1
312,330,1
330,369,1
291,374,1
416,405,1
11,18,1
465,443,1
36,163,1
198,188,1
77,173,1
170,154,1
6,186,1
1,11,1
135,89,1
417,419,1
196,187,1
437,441,1
36,78,1
257,245,1
27,7,1
441,443,1
460,462,1
137,141,1
528,519,1
72,51,1
220,224,1
441,506,1
359,361,1
12,17,1
221,215,1
441,509,1
531,513,1
456,463,1
68,47,1
167,161,1
431,450,1
350,443,1
41,59,1
318,328,1
1,27,1
272,278,1
423,430,1
188,189,1
433,321,1
124,102,1
179,189,1
67,124,1
95,101,1
326,300,1
525,519,1
313,300,1
266,272,1
456,427,1
301,145,1
41,48,1
269,271,1
94,88,1
95,99,1
427,435,1
225,215,1
441,489,1
441,502,1
33,15,1
264,284,1
475,455,1
120,89,1
469,498,1
193,185,1
221,206,1
454,462,1
495,496,1
534,514,1
463,449,1
170,155,1
291,325,1
434,444,1
459,452,1
29,36,2
457,431,1
28,3,1
117,129,1
332,326,1
44,66,1
341,342,1
472,501,1
211,219,1
264,291,1
173,186,1
314,305,1
281,406,1
377,378,1
376,374,1
420,413,1
44,174,1
14,22,1
425,460,1
77,60,2
209,217,1
45,62,1
21,25,1
264,290,1
288,280,1
368,372,1
453,447,1
171,184,1
454,321,1
248,249,1
530,517,1
439,447,1
489,316,1
367,375,1
73,64,1
44,183,1
463,429,1
146,236,1
545,538,1
382,330,1
387,447,1
111,102,1
206,212,1
167,154,1
74,58,1
133,134,1
269,277,1
425,465,1
52,63,1
69,73,1
456,457,1
115,120,1
135,132,1
456,450,1
377,370,1
2,15,1
36,141,1
270,282,1
115,117,1
350,439,1
44,181,1
244,259,1
37,61,1
312,295,1
492,316,1
478,483,1
461,451,1
73,75,1
429,439,1
423,431,1
32,4,1
177,185,1
12,15,1
442,450,1
90,36,1
226,241,1
110,98,1
286,275,1
27,34,1
461,432,1
378,296,1
264,288,1
171,175,1
1,28,1
305,145,1
126,127,1
239,243,1
422,414,1
402,414,1
92,85,1
20,21,1
258,247,1
387,392,1
252,255,1
475,480,1
35,3,1
353,340,1
70,51,1
117,125,1
289,270,1
130,134,1
91,86,1
416,410,1
26,15,1
72,42,1
193,182,1
427,446,1
5,15,1
203,208,1
113,100,1
70,60,1
121,157,1
36,64,2
273,275,1
96,101,1
31,12,1
461,465,1
172,88,1
360,367,1
479,480,1
357,345,1
36,87,1
396,392,1
379,371,1
96,100,1
203,204,1
44,49,1
56,188,1
470,472,1
400,422,1
26,30,1
398,458,1
310,297,1
78,43,1
354,351,1
439,446,1
7,8,1
401,413,1
416,406,1
156,158,1
227,237,1
268,277,1
454,445,1
444,451,1
456,458,1
53,65,1
147,155,1
295,284,1
387,443,1
181,184,1
311,497,1
33,146,1
56,62,1
525,528,1
275,276,1
469,500,1
522,534,1
7,24,1
460,436,1
119,122,1
56,57,1
291,402,1
28,10,1
419,407,1
416,291,1
454,452,1
457,458,1
181,100,1
138,140,1
319,329,1
335,323,1
26,146,1
11,21,1
149,150,1
291,280,1
144,146,1
93,85,1
191,185,1
430,443,1
362,365,1
68,102,1
310,300,1
78,55,1
238,240,1
98,106,1
145,3,1
175,181,1
20,22,1
376,382,1
431,449,1
50,55,1
199,184,1
291,307,1
426,458,1
455,462,1
433,452,1
221,214,1
459,449,1
316,317,1
148,162,1
199,175,1
93,87,1
194,185,1
252,247,1
67,130,1
156,157,1
543,548,1
376,362,1
115,118,1
522,525,1
171,44,1
164,170,1
115,131,1
207,217,1
532,517,1
29,32,1
54,58,1
120,124,1
367,296,1
226,231,1
510,505,1
172,182,1
289,285,1
175,183,1
69,233,1
32,12,1
419,420,1
371,375,1
548,538,1
294,308,1
457,437,1
196,174,1
353,291,1
0,18,1
459,321,1
167,151,1
190,56,1
176,188,1
244,250,1
514,515,1
71,133,1
420,415,1
331,332,1
463,445,1
429,387,1
473,468,1
292,309,1
458,321,1
385,391,1
458,436,1
257,250,1
482,489,1
86,88,1
336,347,1
540,537,1
305,309,1
449,450,1
312,370,1
241,242,1
71,53,1
398,307,1
257,259,1
347,349,1
522,523,1
0,2,1
119,127,1
29,138,1
11,22,1
312,369,1
57,65,1
293,311,1
470,473,1
254,245,1
67,128,1
258,259,1
36,54,1
67,59,1
401,281,1
103,109,1
528,516,1
172,180,1
73,56,1
467,468,1
129,134,1
339,346,1
72,55,1
437,447,1
419,415,1
144,7,1
319,332,1
433,437,1
46,54,1
462,429,1
461,444,1
10,11,1
429,350,1
291,368,1
428,430,1
429,446,1
102,41,1
281,291,2
425,451,1
36,22,1
206,214,1
398,444,1
67,68,2
380,296,1
289,329,1
264,281,1
209,214,1
523,514,1
54,61,1
110,100,1
196,88,1
197,187,1
82,84,1
416,411,1
224,214,1
472,500,1
9,16,1
541,545,1
301,307,1
143,14,1
508,509,1
148,155,1
201,223,1
266,276,1
495,316,1
398,388,1
196,56,1
433,449,1
207,208,1
7,21,1
432,445,1
344,350,1
239,235,1
202,205,1
274,279,1
403,405,1
423,425,1
271,273,1
334,335,1
381,374,1
431,452,1
270,277,1
321,445,1
365,375,1
70,53,1
354,349,1
494,486,1
123,131,1
76,77,1
547,537,1
489,490,1
418,408,1
75,133,1
479,455,1
221,217,1
44,88,1
36,21,1
238,237,1
425,442,1
507,497,1
508,506,1
36,127,1
382,375,1
242,237,1
281,288,1
18,24,1
379,382,1
172,100,1
46,64,1
402,413,1
343,347,1
268,273,1
445,451,1
319,326,1
281,284,1
458,459,1
512,521,1
118,75,1
381,362,1
45,61,1
287,289,1
533,515,1
312,362,1
405,415,1
10,14,1
326,330,1
92,87,1
497,505,1
29,25,1
420,403,1
31,10,1
426,457,1
495,469,1
343,349,1
303,307,1
37,42,1
39,73,1
396,389,1
271,283,1
376,370,1
480,481,1
461,442,1
462,445,1
10,13,1
360,330,1
366,296,1
531,515,1
535,541,1
200,187,1
412,413,1
226,232,1
36,52,1
423,437,1
45,57,1
14,19,1
274,282,1
344,345,1
167,121,1
429,435,1
265,270,1
312,374,1
150,167,1
36,187,1
379,367,1
36,8,1
49,63,1
366,371,1
155,157,1
67,64,2
291,271,1
466,470,1
251,261,1
466,471,1
202,220,1
231,236,1
453,464,1
32,6,1
95,108,1
417,420,1
436,450,1
432,452,1
146,7,1
72,43,1
489,469,2
268,269,1
228,234,1
220,213,1
115,119,1
425,432,1
281,290,1
70,58,1
342,350,1
118,64,1
71,58,1
6,188,1
224,206,1
68,66,1
146,36,1
6,10,1
212,218,1
222,224,1
90,89,1
491,483,1
291,145,1
396,385,1
300,304,1
36,65,2
453,438,1
36,105,1
296,308,1
9,24,1
68,119,1
286,287,1
359,360,1
463,452,1
376,378,1
432,448,1
524,532,1
401,291,1
59,60,1
508,502,1
191,60,1
29,33,2
238,242,1
498,503,1
166,162,1
479,316,1
149,155,1
101,103,1
144,29,1
190,200,1
400,414,1
73,65,1
479,469,1
454,459,1
288,275,1
94,85,1
73,52,1
77,53,1
150,156,1
153,155,1
29,13,1
6,176,1
147,169,1
431,441,1
81,89,1
311,500,1
294,305,1
180,100,1
353,343,1
386,393,1
318,333,1
493,483,1
456,447,1
215,219,1
422,409,1
527,529,1
122,102,1
421,404,1
26,14,2
196,182,1
173,188,1
476,478,1
278,283,1
257,263,1
416,413,1
176,186,1
338,351,1
6,12,1
10,19,1
382,296,1
221,204,1
150,152,1
220,205,1
51,66,1
137,3,1
402,403,1
241,237,1
115,102,1
294,295,1
340,345,1
525,530,1
124,127,1
265,287,1
444,448,1
302,304,1
35,24,1
383,390,1
5,14,1
131,102,1
434,442,1
339,340,1
191,197,1
191,209,1
289,267,1
310,309,1
281,277,1
438,387,1
421,291,1
307,448,1
80,85,1
127,128,1
100,107,1
381,296,1
426,454,1
181,182,1
501,506,1
118,127,1
191,216,1
171,36,1
496,505,1
44,55,1
362,375,1
438,446,1
42,61,1
95,98,1
360,376,1
73,54,1
45,63,1
111,97,1
36,98,1
1,13,1
295,306,1
175,187,1
535,545,1
246,248,1
10,25,1
490,487,1
365,368,1
116,125,1
423,445,1
38,36,1
74,60,1
535,547,1
284,308,1
453,427,1
71,60,1
158,161,1
398,460,1
48,56,1
317,299,1
228,238,1
424,453,1
75,130,1
194,88,1
244,249,1
435,447,1
360,370,1
291,297,1
366,368,1
46,55,1
266,267,1
381,375,1
434,451,1
31,22,1
79,83,1
281,285,1
316,502,1
297,301,1
404,406,1
8,25,1
98,104,1
1,33,1
512,526,1
4,9,2
76,48,1
112,113,1
193,56,1
146,243,1
272,285,1
436,441,1
185,88,1
62,63,1
304,284,1
1,25,1
427,436,1
170,162,1
116,129,1
257,249,1
341,352,1
254,262,1
84,87,1
56,186,1
328,330,1
118,68,1
289,326,1
482,492,1
192,153,1
243,237,1
454,448,1
387,388,1
405,406,1
360,378,1
492,484,1
287,280,1
98,107,1
77,44,2
28,18,1
0,35,1
0,144,1
489,511,1
416,281,1
533,534,1
50,66,1
118,67,1
226,242,1
38,57,1
495,511,1
345,347,1
526,529,1
75,64,2
67,126,1
311,498,1
68,46,1
77,57,1
224,204,1
193,174,1
69,46,1
175,100,1
461,448,1
35,5,1
164,36,1
316,506,1
34,15,1
36,56,3
72,78,1
356,348,1
291,299,1
458,452,1
30,9,1
458,449,1
431,434,1
99,102,1
464,446,1
396,384,1
135,129,1
330,373,1
423,462,1
496,501,1
516,520,1
395,393,1
461,436,1
123,102,1
522,530,1
317,297,1
38,62,1
362,330,1
465,436,1
472,498,1
198,183,1
470,471,1
165,160,1
522,529,1
359,382,1
338,346,1
175,180,1
47,66,1
122,123,1
529,517,1
33,14,2
291,413,1
453,450,1
0,142,1
148,36,1
313,309,1
464,435,1
362,373,1
199,36,1
363,366,1
292,316,1
67,54,1
191,198,1
437,450,1
72,61,1
398,465,1
43,56,1
77,178,1
69,49,1
183,100,1
316,296,1
82,87,1
479,511,1
459,436,1
356,349,1
40,56,1
355,339,1
192,197,1
436,440,1
135,75,1
29,34,1
381,330,1
460,449,1
501,502,1
171,179,1
199,178,1
17,23,1
190,194,1
298,301,1
29,140,1
483,487,1
27,14,1
39,76,1
34,7,1
74,51,1
166,153,1
383,389,1
456,464,1
193,100,1
153,185,1
376,369,1
479,492,1
347,348,1
1,36,1
373,374,1
191,225,1
199,179,1
463,321,1
291,412,1
119,134,1
96,108,1
456,444,1
16,23,1
455,445,1
251,257,1
77,62,1
30,10,1
89,109,1
184,187,1
336,358,1
60,153,1
287,279,1
127,132,1
36,180,1
361,364,1
175,182,1
293,295,1
77,179,1
291,270,1
427,442,1
298,145,1
114,108,1
291,365,1
132,133,1
198,174,1
402,409,1
113,99,1
332,329,1
29,31,1
354,344,1
56,184,1
383,385,1
222,210,1
335,291,1
0,17,1
289,280,1
384,386,1
199,44,1
334,323,1
81,83,1
97,100,1
418,409,1
38,74,1
193,88,1
421,403,1
56,63,1
292,307,1
464,350,1
195,44,1
457,444,1
172,185,1
426,463,1
427,451,1
34,20,1
36,12,1
240,237,1
74,53,1
427,432,1
1,32,1
267,275,1
325,330,1
8,18,1
171,178,1
338,344,1
299,284,1
35,11,1
291,309,1
507,498,1
417,415,1
46,59,1
251,245,1
87,88,1
169,152,1
432,321,1
510,503,1
357,351,1
358,344,1
75,54,1
290,275,1
289,273,1
456,438,1
331,326,1
39,46,1
99,41,1
78,66,1
165,167,1
313,145,1
291,342,1
360,382,1
358,352,1
38,47,1
263,247,1
180,182,1
77,36,2
355,358,1
36,133,1
292,145,1
357,344,1
35,16,1
136,89,1
76,45,1
437,438,1
324,328,1
372,375,1
427,350,1
0,139,1
434,435,1
205,215,1
196,183,1
398,448,1
70,71,1
79,94,1
423,424,1
359,367,1
231,232,1
194,174,1
426,435,1
464,387,1
424,443,1
478,481,1
72,64,1
168,170,1
173,175,1
6,18,1
16,17,1
460,428,1
36,100,2
143,141,1
378,371,1
3,10,1
227,240,1
445,448,1
544,546,1
196,100,1
173,184,1
151,152,1
191,192,1
291,372,1
398,390,1
196,181,1
421,415,1
67,133,1
528,518,1
226,236,1
288,270,1
4,10,1
450,452,1
458,451,1
224,217,1
202,225,1
458,432,1
33,5,1
396,398,1
271,274,1
150,65,1
305,307,1
117,132,1
460,452,1
40,76,1
125,127,1
82,83,1
439,387,1
195,184,1
526,517,1
229,230,1
71,54,1
457,428,1
41,45,1
425,453,1
360,374,1
43,65,1
52,57,1
317,291,1
377,374,1
453,455,1
298,307,1
336,338,1
252,253,1
0,23,1
14,21,1
192,189,1
79,84,1
64,133,1
422,408,1
178,186,1
469,485,1
325,300,1
360,362,1
40,75,1
36,81,1
222,219,1
68,73,1
406,408,1
206,218,1
421,413,1
449,452,1
43,52,1
147,166,1
96,99,1
98,105,1
114,103,1
355,338,1
76,41,1
435,307,1
44,153,1
110,105,1
39,69,1
377,362,1
427,387,1
426,433,1
511,499,1
458,442,1
91,92,1
313,295,1
199,173,1
265,284,1
193,180,1
502,506,1
244,256,1
384,390,1
253,248,1
67,61,1
120,128,1
254,261,1
417,404,1
515,520,1
31,18,1
455,429,1
507,500,1
111,107,1
346,348,1
167,36,1
272,283,1
426,350,1
195,175,1
423,429,1
196,180,1
52,62,1
227,228,1
527,518,1
401,403,1
403,408,1
3,24,1
469,316,2
479,504,1
525,520,1
40,67,1
70,57,1
195,182,1
313,307,1
190,183,1
440,451,1
271,285,1
525,531,1
336,357,1
8,17,1
35,19,1
204,205,1
169,161,1
70,59,1
53,61,1
17,22,1
455,440,1
240,236,1
491,493,1
33,34,1
401,409,1
97,41,1
476,455,1
45,66,1
358,351,1
441,507,1
44,45,1
0,143,1
512,514,1
71,52,1
296,300,1
255,245,1
36,4,2
171,88,1
71,65,1
292,302,1
342,349,1
116,132,1
178,182,1
418,410,1
455,456,1
527,520,1
267,274,1
311,304,1
527,531,1
27,8,1
427,429,1
69,55,1
37,47,1
190,153,1
378,382,1
40,68,1
241,231,1
379,370,1
5,18,1
307,444,1
521,523,1
289,324,1
124,89,1
191,207,1
253,263,1
143,138,1
434,443,1
77,186,1
239,241,1
413,415,1
425,463,1
70,44,1
333,326,1
145,140,1
435,450,1
1,4,1
493,484,1
316,473,1
461,321,1
44,48,1
268,270,1
457,447,1
354,291,1
312,382,1
190,174,1
39,55,1
118,121,1
74,44,1
41,46,1
421,408,1
502,504,1
376,371,1
291,366,1
173,179,1
197,175,1
239,232,1
90,83,1
355,349,1
378,367,1
440,442,1
227,242,1
421,422,1
197,184,1
41,107,1
74,52,1
340,343,1
511,497,1
150,36,1
42,46,1
286,271,1
355,347,1
47,63,1
254,256,1
45,49,1
302,306,1
44,62,1
107,109,1
73,77,1
398,438,1
68,56,1
194,6,1
507,511,1
198,182,1
39,56,1
143,33,1
68,50,1
44,179,1
407,414,1
5,17,1
200,184,1
489,503,1
46,51,1
40,54,1
93,84,1
312,367,1
257,246,1
429,434,1
36,58,1
353,354,1
424,436,1
489,494,1
200,175,1
286,272,1
431,448,1
441,498,1
291,278,1
15,25,1
315,302,1
192,182,1
453,449,1
173,178,1
491,488,1
157,161,1
36,101,1
293,309,1
289,272,1
398,464,1
153,186,1
46,58,1
492,487,1
316,298,1
379,362,1
168,153,1
95,96,1
68,127,1
439,444,1
99,109,1
455,428,1
246,249,1
368,374,1
310,313,1
222,215,1
9,13,1
18,23,1
301,304,1
71,127,1
461,452,1
28,6,1
297,300,1
28,4,1
343,352,1
503,505,1
74,65,1
36,51,1
295,305,1
207,209,1
380,373,1
333,329,1
82,85,1
459,433,1
318,335,1
44,178,1
69,78,1
152,162,1
75,47,1
289,327,1
148,150,1
113,109,1
528,514,1
38,55,1
118,109,1
178,185,1
433,447,1
15,19,1
379,374,1
71,50,1
489,479,1
522,528,1
164,156,1
87,56,1
465,444,1
67,71,2
458,460,1
310,294,1
357,352,1
455,398,1
492,499,1
14,20,1
385,389,1
33,141,1
226,238,1
281,275,1
319,328,1
269,270,1
376,296,1
213,217,1
495,311,1
9,25,1
192,200,1
435,438,1
426,447,1
260,248,1
119,124,1
336,343,1
283,285,1
181,153,1
332,333,1
453,431,1
316,309,1
291,369,1
458,465,1
67,58,1
190,197,1
425,350,1
4,12,1
146,234,1
36,53,1
253,249,1
513,515,1
425,387,1
428,440,1
3,16,1
428,429,1
367,373,1
390,392,1
510,499,1
70,62,1
116,127,1
359,376,1
217,219,1
44,176,1
254,259,1
522,519,1
110,113,1
224,203,1
76,61,1
454,440,1
122,109,1
378,375,1
53,54,1
51,60,1
112,106,1
172,184,1
178,88,1
252,246,1
172,175,1
5,23,1
17,21,1
34,12,1
388,391,1
253,258,1
31,19,1
131,133,1
378,330,1
323,324,1
453,452,1
316,504,1
531,516,1
165,168,1
337,338,1
60,66,1
370,372,1
195,185,1
117,122,1
350,437,1
430,445,1
382,370,1
170,152,1
429,440,1
77,63,1
523,528,1
223,205,1
30,32,1
36,108,1
115,123,1
482,494,1
425,454,1
75,50,1
509,500,1
38,64,1
359,366,1
60,181,1
121,126,1
286,276,1
167,158,1
290,282,1
60,183,1
398,386,1
231,234,1
422,415,1
424,442,1
453,437,1
239,231,1
337,358,1
127,133,1
315,308,1
137,145,1
313,296,1
39,65,1
1,12,1
475,477,1
461,434,1
426,438,1
89,132,1
354,340,1
376,312,1
397,388,1
16,20,1
465,433,1
80,36,1
544,536,1
51,53,1
398,450,1
543,546,1
317,308,1
8,10,1
363,374,1
395,385,1
319,325,1
39,52,1
152,156,1
454,398,1
218,219,1
266,284,1
289,276,1
523,519,1
172,44,1
529,530,1
396,393,1
420,406,1
38,48,1
369,371,1
401,414,1
428,445,1
311,507,1
341,343,1
11,17,1
382,291,1
39,43,1
289,274,1
30,36,1
57,64,1
137,142,1
512,523,1
409,414,1
455,431,1
136,36,1
60,174,1
337,339,1
39,78,1
74,56,1
291,304,1
456,307,1
291,268,1
228,239,1
368,370,1
31,8,1
111,41,1
461,441,1
111,114,1
44,175,1
455,481,1
422,404,1
398,443,1
395,389,1
398,392,1
195,100,1
455,437,1
67,60,1
44,184,1
456,448,1
419,414,1
424,432,1
364,296,1
262,245,1
382,362,1
303,305,1
509,498,1
37,68,1
372,373,1
201,216,1
69,64,1
67,51,1
424,451,1
68,75,2
270,274,1
167,157,1
291,410,1
0,14,2
31,21,1
292,303,1
469,511,1
43,63,1
311,492,1
489,504,1
191,153,1
221,209,1
196,198,1
424,448,1
198,180,1
418,403,1
126,89,1
385,392,1
403,411,1
38,78,1
211,218,1
37,67,1
382,374,1
365,372,1
68,132,1
314,317,1
395,399,1
454,456,1
32,25,1
90,84,1
44,188,1
429,441,1
336,345,1
454,441,1
113,101,1
364,373,1
339,343,1
266,281,1
273,274,1
136,126,1
348,351,1
220,222,1
402,408,1
426,430,1
190,181,1
426,464,1
284,309,1
95,100,1
422,403,1
307,450,1
128,102,1
172,179,1
195,180,1
381,363,1
291,411,1
540,548,1
93,83,1
26,10,1
59,66,1
339,345,1
397,384,1
37,54,1
470,467,1
36,86,1
299,306,1
110,107,1
12,13,1
12,14,1
435,321,1
11,23,1
254,249,1
269,278,1
213,218,1
271,282,1
241,232,1
191,177,1
117,136,1
513,514,1
198,100,1
20,23,1
110,99,1
475,310,1
172,178,1
176,88,1
386,389,1
441,500,1
69,60,1
211,212,1
168,36,1
398,427,1
323,327,1
268,279,1
117,134,1
492,509,1
524,518,1
29,14,2
224,208,1
294,303,1
77,175,1
253,260,1
95,105,1
464,433,1
179,184,1
7,13,1
382,368,1
135,71,1
541,547,1
272,276,1
454,434,1
77,184,1
7,14,2
327,330,1
310,316,1
379,373,1
403,410,1
192,100,1
384,391,1
276,284,1
12,25,1
438,440,1
200,36,1
2,20,1
356,346,1
146,4,1
113,105,1
135,121,1
22,25,1
71,51,1
460,451,1
117,118,1
123,64,1
274,277,1
32,20,1
36,157,1
193,44,1
168,151,1
469,484,1
52,59,1
166,155,1
316,503,1
420,412,1
33,138,1
350,435,1
190,192,1
402,406,1
186,189,1
253,256,1
291,327,1
443,451,1
361,369,1
59,65,1
115,109,1
512,529,1
486,487,1
123,130,1
35,17,1
197,36,1
98,102,1
418,402,1
457,450,1
424,465,1
314,301,1
26,9,2
3,6,1
67,47,1
347,352,1
203,205,1
5,10,1
107,108,1
347,351,1
264,287,1
423,398,1
441,442,1
312,304,1
2,7,1
28,16,1
30,25,1
44,63,1
453,428,1
287,267,1
425,426,1
286,267,1
193,178,1
335,330,1
319,321,1
49,50,1
168,154,1
89,129,1
240,243,1
456,321,1
36,158,1
41,65,1
318,334,1
31,35,1
65,159,1
191,210,1
75,58,1
453,321,1
534,516,1
55,57,1
58,63,1
69,66,1
426,307,1
192,180,1
312,298,1
340,346,1
13,23,1
41,52,1
15,20,1
223,213,1
522,517,1
514,519,1
31,11,1
153,88,1
222,225,1
265,276,1
534,520,1
148,153,1
243,235,1
489,484,1
496,499,1
76,59,1
492,508,1
433,438,1
479,496,1
191,189,1
156,160,1
155,158,1
291,324,1
321,440,1
460,432,1
115,136,1
542,537,1
233,234,1
36,82,1
331,291,1
206,211,1
239,236,1
526,527,1
193,179,1
383,397,1
6,16,1
36,153,2
225,216,1
34,4,1
254,263,1
125,89,1
255,257,1
400,418,1
78,41,1
138,14,1
335,322,1
170,163,1
197,179,1
139,142,1
152,65,1
444,447,1
75,51,1
332,291,1
119,126,1
178,183,1
423,456,1
395,387,1
435,448,1
69,53,1
287,282,1
316,300,1
171,183,1
363,367,1
380,375,1
469,496,1
360,366,1
265,272,1
469,468,1
184,186,1
221,216,1
424,460,1
421,409,1
512,524,1
359,379,1
40,59,1
313,291,1
478,486,1
387,445,1
225,209,1
171,181,1
198,36,1
265,283,1
318,331,1
55,62,1
230,243,1
91,56,1
529,519,1
410,411,1
153,188,1
427,431,1
38,45,1
46,48,1
74,36,1
311,316,2
423,440,1
320,329,1
479,508,1
363,370,1
35,23,1
159,161,1
281,420,1
542,543,1
6,24,1
222,203,1
289,325,1
455,430,1
476,310,1
137,144,1
318,323,1
400,411,1
208,215,1
191,219,1
311,469,1
74,63,1
38,41,1
147,157,1
335,300,1
312,366,1
115,121,1
201,209,1
145,138,1
436,439,1
296,374,1
273,276,1
460,465,1
115,122,1
47,57,1
533,520,1
432,437,1
264,275,1
456,459,1
206,219,1
544,545,1
144,145,1
167,169,1
178,181,1
32,7,1
358,349,1
209,215,1
431,439,1
224,215,1
37,64,1
53,58,1
33,13,1
77,65,1
400,419,1
297,309,1
36,6,2
401,408,1
422,405,1
445,446,1
32,36,1
453,459,1
13,17,1
33,25,1
77,52,1
47,62,1
61,64,1
72,77,1
431,321,1
427,437,1
441,451,1
454,461,1
463,428,1
42,47,1
50,62,1
165,162,1
178,56,1
536,538,1
302,284,1
405,413,1
425,439,1
38,66,1
0,15,1
29,30,1
469,467,1
292,313,1
507,316,1
330,296,1
500,505,1
289,271,1
401,406,1
441,446,1
461,449,1
265,267,1
202,191,1
311,511,1
73,41,1
68,52,1
144,14,1
136,124,1
148,154,1
436,443,1
156,163,1
495,505,1
68,65,1
498,504,1
258,250,1
191,221,1
369,296,1
47,60,1
281,422,1
36,121,2
143,36,1
421,414,1
418,413,1
428,443,1
312,294,1
307,447,1
238,234,1
149,152,1
104,107,1
338,339,1
380,365,1
193,175,1
281,287,1
193,184,1
454,430,1
244,248,1
206,210,1
227,243,1
292,294,1
151,163,1
263,245,1
360,361,1
397,392,1
154,65,1
457,438,1
437,440,1
226,234,1
430,431,1
36,24,1
4,8,1
542,548,1
246,250,1
483,488,1
465,435,1
424,444,1
34,6,1
147,158,1
33,36,2
105,109,1
265,274,1
271,275,1
315,316,1
115,134,1
147,170,1
529,534,1
335,321,1
38,43,1
417,410,1
457,464,1
394,388,1
0,30,1
416,408,1
524,526,1
200,179,1
157,159,1
319,327,1
465,350,1
331,325,1
324,327,1
122,134,1
429,450,1
233,237,1
29,15,1
70,74,1
502,503,1
354,343,1
317,295,1
295,299,1
278,284,1
350,446,1
40,58,1
489,496,1
197,178,1
296,299,1
433,450,1
67,50,1
469,490,1
178,180,1
228,240,1
300,328,1
315,305,1
312,379,1
132,134,1
311,302,1
96,36,1
430,437,1
458,443,1
73,45,1
174,189,1
507,469,1
510,501,1
476,477,1
207,216,1
36,16,1
137,139,1
28,24,1
1,6,1
31,23,1
88,189,1
360,369,1
200,178,1
458,307,1
128,131,1
312,313,1
164,65,1
148,121,1
293,300,1
472,505,1
70,36,1
412,415,1
441,497,1
196,185,1
149,165,1
119,129,1
317,305,1
310,303,1
36,84,1
381,364,1
73,48,1
10,24,1
327,300,1
340,351,1
357,338,1
202,221,1
533,517,1
121,122,1
427,428,1
526,513,1
44,57,1
151,160,1
399,390,1
270,275,1
198,178,1
463,440,1
228,237,1
321,323,1
204,213,1
295,297,1
65,161,1
389,390,1
398,447,1
195,88,1
221,223,1
349,352,1
78,46,1
178,100,1
72,49,1
366,372,1
40,51,1
8,23,1
434,441,1
4,21,1
457,427,1
35,7,1
27,21,1
78,45,1
233,235,1
336,351,1
358,343,1
180,184,1
124,125,1
509,497,1
420,291,1
79,90,1
2,9,1
4,22,1
112,36,1
39,75,1
259,247,1
539,546,1
447,450,1
376,368,1
168,121,1
176,185,1
36,109,2
320,326,1
29,146,1
470,468,1
464,439,1
69,43,1
30,33,1
378,374,1
37,78,1
97,107,1
48,59,1
465,387,1
79,87,1
84,86,1
298,305,1
336,344,1
27,28,1
383,393,1
296,297,1
30,13,1
303,308,1
460,442,1
164,169,1
172,191,1
36,50,1
288,289,1
145,33,1
39,66,1
190,88,1
168,162,1
77,56,2
58,62,1
100,108,1
232,235,1
0,146,1
463,431,1
27,22,1
171,174,1
121,163,1
275,278,1
418,404,1
273,283,1
319,324,1
74,62,1
378,362,1
74,57,1
190,60,1
310,480,1
10,16,1
255,261,1
113,98,1
164,166,1
192,56,1
200,44,1
111,112,1
78,48,1
368,369,1
427,440,1
521,529,1
323,325,1
510,506,1
35,20,1
289,275,1
73,63,1
292,298,1
91,81,1
197,44,1
396,399,1
135,109,1
543,537,1
268,280,1
198,179,1
112,41,1
31,17,1
463,437,1
515,519,1
80,89,1
417,411,1
454,455,1
482,484,1
521,514,1
64,134,1
238,235,1
350,387,1
307,446,1
431,433,1
7,15,1
251,256,1
191,36,1
271,280,1
322,300,1
260,247,1
424,457,1
433,435,1
489,505,1
453,448,1
60,64,1
75,129,1
398,434,1
461,450,1
455,443,1
86,56,1
174,178,1
199,153,1
382,372,1
489,488,1
278,285,1
95,102,1
284,307,1
121,109,1
472,473,1
508,505,1
495,472,1
310,304,1
44,59,1
381,372,1
426,461,1
36,47,1
148,152,1
307,387,1
430,446,1
220,212,1
79,88,1
311,313,1
460,447,1
119,89,1
74,77,1
36,19,1
75,53,1
153,183,1
405,412,1
426,398,1
116,71,1
339,344,1
485,488,1
147,65,1
357,348,1
264,265,1
272,275,1
477,481,1
174,179,1
456,451,1
458,463,1
136,121,1
28,21,1
265,290,1
196,60,1
419,408,1
96,110,1
35,22,1
4,24,1
193,199,1
311,294,1
426,456,1
451,452,1
478,487,1
127,64,1
429,438,1
265,291,1
378,370,1
398,441,1
444,450,1
430,350,1
49,51,1
113,103,1
545,537,1
42,60,1
302,303,1
312,316,1
369,373,1
121,153,1
169,121,1
281,282,1
71,129,1
262,250,1
127,130,1
96,41,1
30,34,1
208,217,1
120,122,1
296,307,1
265,288,1
310,302,1
442,443,1
327,328,1
546,537,1
28,22,1
45,46,1
71,72,1
447,448,1
223,224,1
111,106,1
28,8,1
424,437,1
341,351,1
120,109,1
281,404,1
418,415,1
202,206,1
469,494,1
311,496,1
40,66,1
143,140,1
512,532,1
311,307,1
289,282,1
406,415,1
41,43,1
101,107,1
42,43,1
80,91,1
490,486,1
322,330,1
531,518,1
396,387,1
72,60,1
196,173,1
201,224,1
458,446,1
433,350,1
522,526,1
56,61,1
320,321,1
155,160,1
244,253,1
257,261,1
462,433,1
149,167,1
70,42,1
339,351,1
419,402,1
31,5,1
81,86,1
497,506,1
136,109,1
338,347,1
99,108,1
395,390,1
507,504,1
334,289,1
532,519,1
297,307,1
1,7,1
432,446,1
291,274,1
350,445,1
49,59,1
205,216,1
194,187,1
170,65,1
77,180,1
469,504,1
1,20,1
55,63,1
68,58,1
479,505,1
411,413,1
270,272,1
30,19,1
357,358,1
458,350,1
169,154,1
174,176,1
333,322,1
370,374,1
82,88,1
456,432,1
274,284,1
95,107,1
184,185,1
329,330,1
424,458,1
318,319,1
33,10,1
404,408,1
37,43,1
465,446,1
510,502,1
60,173,1
183,187,1
314,291,1
548,537,1
27,23,1
388,392,1
430,387,1
296,145,1
472,504,1
281,415,1
343,345,1
37,55,1
145,36,1
364,368,1
240,231,1
148,151,1
530,532,1
231,237,1
37,53,1
171,198,1
190,173,1
523,513,1
169,151,1
441,447,1
191,224,1
229,233,1
313,304,1
172,192,1
109,134,1
37,66,1
26,27,1
13,14,1
438,445,1
509,496,1
220,218,1
462,440,1
433,387,1
345,346,1
46,52,1
362,296,1
400,416,1
77,100,1
38,73,1
202,214,1
456,442,1
135,64,1
27,5,1
263,249,1
184,88,1
6,9,1
7,141,1
425,455,1
491,494,1
455,442,1
321,442,1
502,505,1
354,342,1
254,258,1
50,57,1
114,99,1
429,443,1
232,234,1
51,58,1
9,20,1
326,327,1
524,519,1
154,163,1
384,387,1
251,250,1
376,373,1
456,449,1
355,348,1
494,484,1
288,271,1
0,137,1
254,260,1
362,372,1
49,58,1
407,408,1
458,435,1
68,71,2
96,111,1
463,432,1
426,441,1
97,106,1
457,460,1
361,371,1
46,65,1
111,104,1
321,330,1
41,55,1
1,16,1
463,451,1
291,321,1
193,36,1
461,438,1
117,75,1
253,250,1
423,453,1
435,441,1
0,33,2
196,189,1
471,474,1
524,517,1
67,121,1
175,153,1
253,259,1
529,532,1
321,451,1
71,77,1
422,406,1
35,8,1
453,436,1
264,282,1
251,259,1
337,349,1
339,352,1
40,55,1
40,41,1
508,472,1
190,193,1
482,488,1
489,491,1
100,103,1
313,314,1
267,268,1
509,469,1
173,189,1
13,20,1
459,430,1
27,17,1
495,492,1
497,502,1
59,64,1
293,302,1
26,32,1
424,428,1
90,85,1
202,217,1
153,65,1
275,282,1
461,464,1
247,249,1
334,300,1
190,187,1
227,232,1
432,451,1
170,160,1
229,69,1
399,387,1
227,241,1
425,457,1
206,213,1
426,434,1
171,197,1
397,386,1
169,36,1
324,325,1
457,449,1
331,327,1
182,184,1
395,388,1
460,440,1
380,330,1
29,2,1
226,237,1
365,366,1
78,61,1
201,225,1
425,427,1
53,59,1
32,19,1
387,452,1
75,60,1
4,140,1
297,298,1
378,369,1
146,235,1
121,154,1
0,138,1
297,145,1
36,155,1
41,56,1
50,53,1
291,415,1
99,101,1
3,4,2
204,211,1
358,291,1
499,503,1
198,177,1
75,77,1
290,268,1
67,109,1
57,66,1
36,132,1
458,447,1
225,207,1
258,249,1
385,393,1
403,404,1
455,436,1
54,66,1
445,450,1
266,291,1
523,527,1
266,283,1
509,316,1
32,11,1
70,77,1
123,109,1
35,21,1
432,442,1
0,13,1
37,60,1
180,153,1
540,542,1
212,215,1
507,496,1
294,306,1
321,300,1
456,452,1
461,427,1
201,210,1
239,69,1
67,132,1
330,371,1
331,324,1
316,295,1
362,366,1
363,365,1
239,146,1
463,465,1
171,177,1
191,199,1
356,344,1
316,505,1
230,240,1
313,301,1
28,31,1
53,55,1
265,289,1
265,273,1
543,536,1
69,58,1
223,211,1
153,56,1
430,435,1
100,101,1
171,153,1
45,53,1
311,145,1
456,460,1
146,3,1
299,303,1
332,335,1
507,503,1
499,501,1
463,430,1
524,528,1
188,88,1
334,330,1
542,546,1
36,3,2
93,82,1
40,43,1
336,353,1
168,161,1
270,276,1
0,25,1
465,448,1
425,450,1
439,448,1
210,219,1
457,452,1
1,24,1
356,351,1
386,388,1
266,277,1
489,493,1
31,6,1
539,538,1
121,123,1
368,375,1
470,316,1
367,369,1
216,218,1
68,51,1
291,404,1
456,465,1
199,6,1
125,134,1
387,449,1
121,131,1
341,344,1
120,134,1
341,349,1
166,152,1
172,189,1
46,56,1
425,458,1
435,444,1
454,439,1
350,448,1
30,11,1
205,209,1
4,16,1
11,15,1
534,513,1
426,450,1
43,57,1
95,97,1
180,189,1
354,352,1
301,303,1
76,62,1
165,151,1
173,177,1
0,26,2
67,129,1
151,154,1
293,145,1
264,270,1
496,502,1
281,267,1
381,366,1
380,370,1
420,407,1
92,88,1
240,232,1
36,129,1
198,199,1
34,8,1
105,107,1
210,213,1
226,240,1
288,278,1
193,173,1
191,184,1
116,133,1
313,317,1
511,498,1
38,69,1
69,47,1
273,284,1
298,308,1
191,175,1
403,415,1
363,375,1
30,5,1
262,249,1
253,262,1
334,291,1
455,460,1
74,75,1
54,55,1
150,155,1
19,25,1
522,518,1
118,132,1
418,420,1
40,78,1
17,18,1
195,177,1
67,72,1
291,282,1
296,309,1
438,443,1
311,309,1
521,515,1
291,301,1
230,237,1
132,102,1
312,302,1
419,409,1
53,64,1
240,241,1
80,94,1
287,274,1
530,534,1
424,435,1
311,504,1
126,129,1
280,283,1
68,41,1
541,542,1
363,369,1
27,19,1
4,6,1
401,407,1
72,53,1
482,493,1
266,280,1
100,105,1
281,405,1
225,210,1
184,100,1
512,525,1
513,520,1
223,219,1
67,53,1
264,276,1
512,534,1
320,333,1
153,163,1
358,340,1
311,479,1
526,533,1
197,153,1
185,189,1
312,307,1
95,111,1
359,364,1
229,146,1
96,107,1
462,439,1
316,145,1
195,198,1
291,322,1
13,15,1
321,443,1
258,263,1
259,248,1
70,63,1
422,413,1
453,442,1
458,438,1
135,133,1
144,138,1
3,22,1
94,81,1
37,39,1
112,104,1
77,182,1
492,497,1
26,36,2
43,44,1
90,93,1
525,514,1
72,50,1
509,511,1
333,321,1
532,534,1
172,197,1
151,121,1
505,506,1
16,25,1
495,504,1
95,41,1
60,187,1
390,393,1
32,9,1
453,432,1
171,185,1
425,434,1
317,301,1
226,228,1
42,53,1
76,44,1
434,450,1
458,464,1
164,157,1
404,409,1
453,451,1
202,212,1
266,270,1
138,139,1
3,140,1
495,479,1
7,9,2
150,162,1
361,312,1
316,307,1
493,494,1
144,33,1
172,36,1
364,371,1
511,500,1
484,488,1
14,15,1
68,45,1
172,153,1
286,291,1
423,439,1
70,61,1
39,68,1
16,19,1
2,13,1
83,86,1
527,513,1
40,48,1
42,64,1
499,504,1
48,63,1
394,390,1
196,177,1
127,109,1
463,442,1
27,11,1
91,88,1
76,57,1
500,503,1
165,154,1
253,254,1
460,307,1
423,443,1
426,427,1
453,444,1
408,409,1
3,21,1
428,437,1
179,188,1
543,544,1
64,102,1
201,219,1
96,113,1
496,506,1
214,216,1
431,444,1
57,59,1
425,441,1
68,48,1
164,158,1
545,546,1
357,347,1
359,365,1
225,219,1
293,316,1
2,25,1
287,291,1
81,82,1
377,369,1
76,42,1
198,56,1
40,45,1
409,413,1
307,441,1
36,173,1
154,160,1
482,491,1
157,158,1
39,54,1
457,307,1
43,62,1
286,281,1
449,451,1
361,382,1
315,294,1
473,474,1
110,103,1
104,105,1
356,343,1
149,153,1
266,290,1
469,473,1
462,430,1
429,447,1
530,519,1
191,44,1
432,436,1
489,311,1
98,109,1
490,485,1
450,451,1
68,54,1
177,184,1
318,289,1
320,328,1
199,200,1
399,391,1
191,213,1
294,301,1
314,303,1
245,246,1
147,156,1
171,191,1
508,510,1
71,132,1
492,486,1
276,283,1
336,349,1
205,207,1
361,376,1
153,156,1
531,533,1
144,141,1
213,214,1
368,373,1
453,458,1
432,435,1
439,441,1
346,352,1
11,14,1
174,175,1
36,85,1
38,65,1
27,35,1
512,515,1
38,52,1
286,290,1
287,288,1
394,389,1
174,184,1
201,207,1
269,279,1
264,267,1
49,61,1
216,217,1
255,246,1
353,355,1
410,415,1
191,178,1
426,455,1
455,451,1
121,102,1
257,262,1
382,363,1
120,123,1
487,488,1
29,23,1
397,398,1
447,452,1
265,281,1
114,100,1
479,503,1
433,307,1
55,60,1
426,459,1
145,9,1
54,60,1
172,199,1
460,430,1
210,211,1
272,274,1
227,236,1
177,179,1
437,443,1
445,447,1
315,298,1
220,214,1
48,57,1
281,273,1
353,346,1
495,503,1
423,433,1
151,153,1
169,153,1
204,210,1
535,542,1
179,186,1
34,22,1
540,543,1
337,347,1
266,288,1
284,145,1
191,179,1
99,107,1
43,47,1
41,66,1
262,263,1
290,278,1
39,67,1
143,9,1
36,159,1
39,64,1
315,284,1
427,445,1
289,290,1
418,405,1
350,444,1
270,284,1
458,450,1
88,89,1
455,432,1
94,56,1
69,54,1
387,393,1
295,308,1
398,461,1
44,189,1
254,250,1
394,385,1
453,465,1
193,60,1
428,431,1
75,132,1
195,56,1
420,411,1
71,56,1
360,373,1
458,440,1
0,34,1
136,134,1
45,60,1
430,436,1
1,3,1
115,135,1
194,195,1
295,296,1
425,435,1
202,218,1
256,248,1
424,463,1
149,151,1
149,160,1
293,307,1
281,276,1
425,446,1
429,307,1
469,503,1
459,440,1
148,165,1
267,278,1
193,189,1
191,211,1
314,296,1
453,460,1
176,181,1
149,121,1
292,315,1
521,532,1
169,162,1
432,387,1
192,77,1
416,422,1
432,350,1
167,155,1
317,284,1
433,446,1
200,77,1
29,17,1
36,60,2
173,182,1
424,350,1
38,46,1
424,387,1
437,439,1
71,75,2
456,436,1
464,443,1
264,272,1
46,50,1
89,128,1
402,407,1
464,434,1
76,36,1
120,121,1
149,163,1
291,344,1
312,145,1
73,59,1
434,438,1
333,328,1
241,236,1
281,272,1
244,255,1
311,298,1
380,362,1
40,64,1
292,311,1
422,291,1
36,7,2
380,374,1
244,247,1
100,187,1
380,369,1
461,447,1
300,303,1
426,321,1
242,234,1
350,352,1
34,21,1
144,36,1
31,16,1
68,133,1
118,129,1
424,446,1
8,15,1
287,290,1
68,125,1
408,414,1
176,183,1
197,77,1
362,368,1
30,14,1
7,17,1
220,206,1
512,513,1
177,178,1
29,139,1
36,20,1
78,59,1
149,154,1
332,323,1
400,412,1
472,503,1
198,189,1
204,219,1
119,128,1
28,12,1
136,122,1
286,288,1
228,243,1
464,441,1
116,75,1
407,409,1
261,248,1
36,103,1
123,133,1
458,427,1
286,282,1
427,443,1
361,367,1
32,5,1
400,401,1
425,461,1
26,18,1
33,9,2
330,368,1
404,414,1
1,29,1
310,455,1
463,436,1
518,519,1
500,504,1
223,210,1
3,12,1
42,54,1
363,330,1
455,465,1
296,375,1
147,159,1
353,348,1
117,36,1
29,20,1
440,445,1
509,503,1
544,548,1
91,85,1
69,235,1
196,153,1
229,231,1
32,15,1
193,194,1
294,302,1
145,139,1
278,280,1
312,364,1
378,366,1
416,419,1
300,284,1
308,145,1
378,364,1
127,102,1
394,396,1
68,89,1
47,49,1
171,60,1
478,469,1
339,349,1
208,216,1
194,153,1
89,64,1
398,439,1
540,536,1
72,74,1
1,23,1
465,450,1
41,54,1
16,24,1
54,57,1
318,330,1
223,207,1
356,291,1
331,323,1
208,209,1
256,257,1
71,63,1
281,278,1
230,231,1
441,503,1
121,162,1
45,51,1
89,56,1
354,341,1
177,186,1
391,393,1
196,179,1
4,17,1
117,121,1
290,279,1
28,19,1
69,75,1
359,330,1
202,222,1
314,307,1
402,415,1
430,444,1
199,88,1
508,503,1
36,161,1
4,7,2
118,128,1
198,77,1
426,443,1
279,283,1
291,326,1
113,104,1
247,250,1
29,7,2
370,371,1
385,386,1
426,436,1
48,49,1
281,411,1
530,514,1
440,449,1
343,350,1
120,102,1
377,312,1
288,268,1
155,161,1
336,350,1
47,50,1
0,11,1
240,233,1
427,433,1
422,407,1
314,315,1
443,447,1
75,49,1
363,373,1
89,130,1
354,356,1
532,514,1
44,180,1
89,127,1
460,461,1
492,483,1
166,156,1
469,488,1
221,211,1
36,61,1
35,14,1
119,109,1
478,490,1
171,190,1
196,178,1
514,516,1
465,427,1
420,414,1
317,306,1
228,236,1
123,129,1
287,275,1
38,50,1
360,296,1
453,457,1
268,285,1
72,36,1
493,486,1
29,35,1
167,170,1
416,402,1
49,54,1
5,12,1
364,372,1
311,300,1
28,35,1
532,520,1
67,56,1
236,237,1
29,142,1
76,43,1
179,100,1
196,197,1
405,409,1
26,12,1
221,224,1
456,428,1
438,449,1
526,519,1
220,204,1
399,393,1
469,493,1
406,410,1
192,196,1
270,283,1
36,126,1
140,142,1
533,518,1
148,167,1
200,177,1
424,438,1
358,342,1
37,72,1
79,82,1
51,63,1
148,163,1
202,208,1
70,76,1
77,59,1
126,132,1
235,237,1
357,346,1
60,189,1
135,119,1
2,4,1
4,23,1
361,296,1
400,420,1
254,247,1
94,89,1
416,418,1
68,44,1
295,300,1
318,300,1
512,527,1
205,210,1
343,346,1
281,419,1
338,350,1
228,242,1
324,329,1
269,283,1
296,304,1
535,537,1
417,412,1
222,218,1
67,127,1
508,504,1
394,387,1
436,446,1
251,248,1
207,213,1
270,278,1
315,306,1
281,418,1
96,104,1
179,180,1
26,5,1
212,219,1
43,53,1
222,212,1
526,528,1
79,80,1
182,187,1
303,306,1
384,389,1
466,472,1
227,229,1
348,349,1
464,450,1
93,94,1
435,439,1
447,449,1
258,245,1
454,307,1
77,6,1
269,285,1
69,50,1
148,160,1
522,516,1
76,55,1
344,351,1
432,307,1
175,184,1
124,128,1
433,440,1
441,479,1
336,354,1
197,177,1
147,149,1
137,143,1
297,304,1
117,120,1
281,410,1
45,58,1
192,188,1
221,222,1
69,56,1
91,36,1
310,284,1
349,350,1
387,390,1
116,118,1
67,77,1
376,377,1
424,464,1
284,285,1
40,49,1
43,60,1
314,145,1
482,485,1
118,124,1
252,262,1
44,182,1
267,271,1
395,386,1
68,62,1
542,544,1
40,72,1
179,182,1
225,211,1
406,411,1
430,451,1
111,36,1
338,349,1
330,372,1
417,405,1
539,540,1
71,89,1
91,89,1
27,24,1
105,106,1
430,432,1
274,280,1
316,500,1
147,161,1
311,503,1
510,498,1
507,501,1
292,297,1
110,109,1
195,187,1
173,185,1
340,350,1
83,87,1
383,395,1
418,407,1
3,8,1
204,206,1
424,427,1
30,7,1
307,451,1
489,510,1
509,504,1
199,176,1
276,282,1
34,10,1
62,66,1
408,413,1
11,19,1
204,214,1
469,491,1
136,125,1
229,232,1
196,175,1
174,183,1
313,303,1
63,65,1
441,449,1
256,261,1
359,375,1
114,36,1
115,126,1
400,415,1
333,323,1
227,146,1
277,278,1
196,184,1
304,309,1
146,142,1
528,534,1
459,450,1
428,432,1
524,513,1
135,120,1
521,525,1
51,57,1
342,345,1
423,426,1
320,323,1
171,173,1
529,514,1
428,451,1
350,449,1
57,61,1
4,139,1
264,268,1
497,499,1
75,109,1
205,219,1
281,402,1
364,375,1
114,106,1
201,221,1
116,117,1
460,443,1
96,106,1
324,326,1
30,20,1
0,145,1
523,533,1
199,185,1
298,306,1
192,187,1
252,245,1
441,504,1
222,214,1
28,23,1
165,121,1
307,442,1
229,241,1
458,461,1
221,213,1
420,402,1
115,36,1
77,50,1
244,252,1
315,297,1
316,498,1
116,67,1
44,50,1
137,14,1
476,481,1
394,399,1
524,527,1
4,20,1
202,203,1
39,50,1
166,167,1
6,25,1
136,123,1
3,20,1
165,153,1
229,235,1
489,483,1
27,16,1
213,215,1
166,65,1
1,17,1
395,392,1
510,500,1
321,307,1
318,332,1
174,181,1
174,186,1
220,217,1
68,57,1
227,231,1
252,254,1
377,296,1
75,89,1
10,22,1
197,188,1
86,89,1
166,163,1
138,142,1
496,497,1
196,44,1
350,452,1
339,348,1
92,94,1
291,373,1
10,18,1
312,371,1
106,107,1
120,127,1
215,218,1
88,56,2
75,121,1
300,301,1
192,176,1
222,223,1
424,450,1
200,186,1
8,12,1
116,68,1
148,149,1
268,284,1
193,6,1
48,54,1
504,505,1
430,442,1
317,298,1
441,452,1
446,450,1
39,47,1
81,87,1
67,75,2
54,62,1
2,12,1
45,47,1
30,15,1
400,406,1
166,160,1
135,131,1
265,269,1
83,84,1
38,42,1
428,442,1
534,517,1
335,325,1
3,7,2
10,21,1
75,63,1
463,307,1
470,474,1
359,363,1
95,114,1
512,520,1
192,193,1
1,31,1
512,531,1
80,92,1
376,366,1
297,302,1
71,44,1
312,306,1
23,24,1
12,19,1
117,109,1
123,132,1
426,452,1
96,112,1
201,191,1
342,347,1
344,346,1
222,206,1
521,534,1
459,427,1
76,78,1
308,309,1
479,510,1
542,536,1
382,364,1
286,285,1
36,9,2
110,112,1
6,13,1
274,283,1
194,197,1
440,452,1
121,125,1
129,133,1
376,363,1
336,342,1
443,450,1
194,175,1
431,435,1
294,307,1
263,246,1
11,13,1
194,184,1
223,209,1
125,109,1
6,175,1
176,178,1
115,89,1
225,213,1
239,233,1
355,351,1
6,184,1
525,529,1
459,434,1
36,124,1
70,73,1
0,5,1
195,153,1
26,11,1
400,407,1
193,197,1
39,71,1
362,363,1
0,36,2
170,158,1
439,452,1
69,71,1
38,51,1
186,88,1
9,15,1
356,352,1
4,19,1
240,242,1
17,24,1
112,97,1
314,299,1
360,371,1
90,82,1
377,291,1
525,533,1
316,304,1
38,71,1
377,368,1
357,341,1
67,70,1
58,61,1
39,51,1
73,61,1
507,472,1
272,277,1
72,47,1
167,152,1
21,24,1
383,391,1
98,103,1
244,254,1
294,296,1
39,53,1
151,158,1
289,277,1
169,155,1
458,441,1
278,282,1
433,439,1
228,232,1
401,421,1
152,161,1
453,350,1
135,128,1
186,188,1
227,69,1
204,212,1
334,325,1
76,66,1
69,51,1
290,284,1
459,441,1
70,65,1
462,434,1
120,131,1
165,159,1
426,449,1
540,541,1
37,75,1
70,52,1
319,300,1
154,159,1
170,156,1
191,222,1
359,362,1
350,321,1
168,159,1
41,64,1
441,492,1
3,142,1
171,6,1
198,153,1
472,506,1
77,58,1
348,350,1
202,204,1
104,106,1
174,188,1
146,139,1
431,387,1
210,216,1
317,294,1
67,63,1
255,250,1
456,431,1
460,450,1
458,434,1
109,128,1
439,445,1
40,77,1
337,355,1
33,18,1
97,105,1
428,436,1
68,70,1
314,309,1
464,452,1
431,350,1
195,197,1
462,441,1
345,350,1
111,113,1
78,57,1
422,412,1
37,56,1
151,157,1
441,450,1
190,189,1
397,393,1
341,348,1
214,217,1
537,538,1
115,128,1
74,46,1
137,26,1
359,377,1
127,131,1
130,132,1
36,140,1
528,515,1
315,299,1
423,434,1
268,278,1
293,304,1
29,19,1
439,449,1
418,412,1
199,183,1
44,56,2
228,241,1
193,153,1
78,44,1
147,165,1
199,181,1
253,261,1
7,20,1
191,77,1
364,374,1
51,62,1
117,135,1
276,280,1
430,448,1
252,260,1
244,262,1
56,60,2
117,102,1
453,446,1
471,473,1
478,484,1
12,20,1
453,435,1
479,472,1
358,350,1
360,312,1
380,382,1
364,370,1
310,295,1
204,218,1
381,382,1
269,275,1
291,294,1
516,519,1
60,182,1
169,158,1
507,505,1
337,348,1
203,210,1
94,36,1
41,47,1
113,106,1
252,263,1
319,330,1
354,350,1
71,128,1
301,306,1
530,531,1
68,128,1
196,199,1
266,285,1
200,176,1
220,203,1
530,520,1
271,278,1
203,207,1
255,259,1
71,59,1
122,89,1
522,533,1
68,59,1
2,6,1
431,446,1
169,157,1
396,391,1
0,32,1
286,277,1
74,59,1
533,516,1
194,44,1
164,155,1
462,448,1
39,58,1
350,447,1
199,188,1
53,60,1
176,179,1
201,213,1
18,25,1
53,66,1
453,463,1
370,296,1
68,63,1
291,339,1
465,441,1
41,105,1
540,544,1
441,496,1
131,132,1
428,350,1
33,3,2
425,448,1
274,285,1
6,178,1
274,276,1
182,100,1
171,195,1
255,256,1
119,133,1
356,340,1
353,357,1
48,58,1
438,442,1
482,486,1
495,489,1
102,134,1
286,289,1
299,304,1
49,64,1
34,9,1
431,445,1
428,387,1
528,532,1
149,166,1
291,298,1
461,430,1
224,216,1
295,301,1
498,500,1
496,500,1
198,200,1
266,269,1
495,502,1
78,62,1
36,128,1
77,51,1
36,104,1
436,387,1
60,177,1
42,55,1
118,89,1
26,4,2
3,19,1
340,342,1
0,27,1
177,56,1
264,278,1
36,59,1
149,169,1
320,335,1
383,392,1
428,446,1
446,447,1
494,483,1
97,98,1
101,105,1
398,430,1
379,380,1
116,64,1
460,464,1
406,407,1
70,46,1
89,133,1
6,153,1
135,124,1
291,279,1
460,438,1
510,497,1
11,25,1
190,199,1
302,308,1
335,324,1
67,65,1
511,496,1
291,349,1
464,427,1
196,36,1
267,279,1
292,305,1
265,277,1
333,335,1
424,455,1
172,194,1
194,179,1
456,437,1
454,465,1
379,372,1
417,403,1
112,114,1
465,321,1
476,479,1
78,42,1
199,174,1
514,518,1
252,258,1
143,3,1
183,189,1
194,178,1
197,176,1
117,131,1
459,461,1
291,273,1
85,87,1
26,145,1
174,88,1
458,387,1
39,60,1
461,433,1
459,443,1
164,152,1
405,408,1
409,412,1
37,50,1
140,141,1
489,472,1
312,363,1
350,307,1
6,44,1
425,444,1
469,472,2
286,269,1
224,209,1
203,219,1
113,107,1
280,284,1
428,435,1
138,141,1
230,146,1
402,404,1
70,56,1
44,100,1
264,266,1
300,329,1
95,106,1
419,412,1
300,306,1
332,289,1
319,289,1
115,124,1
200,188,1
27,3,1
117,119,1
464,440,1
455,307,1
52,66,1
491,484,1
540,547,1
258,261,1
404,415,1
5,21,1
31,34,1
384,393,1
173,88,1
521,530,1
135,130,1
454,460,1
50,63,1
240,146,1
457,443,1
108,109,1
429,449,1
152,157,1
179,56,1
379,381,1
496,498,1
291,303,1
96,97,1
37,52,1
67,52,1
353,345,1
60,100,1
96,114,1
30,2,1
464,438,1
257,248,1
287,284,1
355,344,1
230,69,1
472,502,1
209,216,1
386,390,1
97,104,1
6,179,1
460,427,1
36,89,2
418,291,1
36,184,1
465,434,1
469,505,1
381,367,1
316,302,1
1,35,1
90,86,1
36,175,1
5,22,1
136,102,1
69,234,1
273,277,1
314,297,1
539,548,1
171,192,1
118,126,1
182,56,1
299,302,1
201,211,1
293,291,1
457,439,1
277,280,1
294,145,1
447,451,1
526,514,1
37,65,1
36,63,1
148,168,1
244,246,1
38,61,1
220,208,1
11,20,1
76,49,1
276,278,1
335,327,1
71,124,1
380,367,1
121,89,1
377,371,1
60,180,1
79,93,1
416,421,1
291,338,1
453,387,1
28,11,1
27,18,1
56,58,1
479,501,1
178,189,1
432,440,1
289,269,1
518,520,1
340,344,1
495,506,1
223,216,1
74,76,1
114,104,1
527,532,1
5,8,1
79,81,1
232,233,1
172,6,1
116,130,1
95,112,1
149,170,1
191,205,1
543,538,1
175,189,1
144,9,1
197,198,1
20,25,1
52,55,1
316,511,1
453,454,1
416,414,1
46,62,1
121,134,1
166,170,1
152,158,1
313,297,1
330,366,1
147,36,1
173,181,1
402,410,1
277,279,1
29,21,1
148,166,1
455,387,1
136,128,1
106,108,1
67,57,1
399,385,1
242,233,1
26,24,1
195,183,1
177,100,1
174,180,1
173,174,1
356,342,1
331,289,1
265,279,1
30,17,1
36,179,1
81,56,1
321,324,1
128,130,1
455,350,1
69,240,1
313,299,1
385,388,1
187,188,1
357,339,1
195,181,1
70,48,1
47,53,1
123,124,1
40,61,1
293,303,1
55,56,1
41,108,1
337,357,1
194,60,1
36,57,1
49,66,1
173,183,1
291,345,1
455,464,1
21,22,1
73,42,1
56,64,1
292,312,1
426,440,1
36,62,1
434,440,1
75,126,1
0,1,1
315,303,1
307,443,1
212,216,1
425,433,1
69,72,1
310,311,1
149,158,1
148,169,1
29,22,1
151,155,1
0,29,2
65,158,1
456,445,1
198,44,1
174,100,1
325,328,1
194,200,1
89,102,1
546,536,1
539,543,1
191,200,1
503,504,1
39,72,1
48,51,1
7,19,1
14,25,1
77,54,1
92,36,1
317,303,1
379,375,1
541,537,1
195,174,1
12,24,1
414,415,1
347,350,1
490,484,1
226,235,1
353,347,1
442,445,1
149,164,1
334,327,1
534,518,1
146,141,1
2,24,1
77,187,1
84,85,1
154,158,1
221,207,1
454,427,1
124,126,1
270,285,1
469,483,1
120,130,1
293,299,1
93,89,1
291,408,1
62,64,1
109,64,1
36,83,1
331,321,1
151,161,1
321,327,1
477,478,1
498,499,1
228,230,1
200,189,1
36,44,2
290,269,1
337,345,1
287,272,1
300,305,1
455,438,1
316,303,1
220,223,1
295,145,1
291,328,1
507,510,1
46,57,1
441,316,1
159,162,1
150,154,1
184,188,1
379,291,1
29,145,1
41,60,1
479,481,1
211,217,1
238,233,1
200,56,1
376,291,1
36,49,1
164,160,1
29,8,1
296,372,1
105,108,1
267,285,1
266,289,1
461,440,1
120,64,1
328,329,1
314,304,1
428,307,1
73,57,1
165,155,1
277,282,1
83,88,1
121,128,1
150,151,1
8,11,1
35,2,1
9,14,2
228,231,1
509,472,1
254,248,1
423,455,1
180,185,1
177,180,1
295,307,1
464,307,1
45,54,1
67,89,1
36,154,1
455,435,1
73,44,1
198,175,1
77,48,1
350,451,1
198,184,1
165,36,1
207,219,1
40,71,1
220,215,1
399,392,1
429,451,1
76,47,1
429,430,1
521,524,1
429,432,1
403,412,1
334,324,1
79,56,1
359,372,1
361,373,1
42,66,1
455,446,1
183,185,1
67,44,1
293,297,1
489,502,1
72,75,1
3,17,1
423,457,1
472,510,1
101,102,1
127,134,1
454,450,1
391,392,1
456,462,1
191,176,1
457,461,1
267,270,1
429,442,1
501,504,1
350,442,1
137,29,1
268,283,1
325,326,1
422,402,1
433,443,1
281,271,1
438,451,1
147,164,1
436,444,1
255,262,1
320,330,1
57,58,1
145,7,1
136,119,1
454,443,1
0,20,1
36,178,1
407,415,1
479,502,1
112,102,1
116,119,1
68,77,1
10,12,1
345,352,1
478,485,1
43,49,1
251,247,1
222,204,1
99,103,1
508,316,1
508,469,1
22,23,1
149,157,1
455,427,1
19,24,1
475,481,1
15,23,1
27,4,1
36,151,1
205,211,1
471,316,1
72,63,1
206,209,1
419,422,1
350,436,1
291,367,1
276,279,1
291,348,1
91,94,1
491,492,1
362,371,1
422,410,1
253,257,1
172,77,1
55,65,1
456,429,1
483,484,1
90,87,1
262,247,1
397,385,1
166,169,1
363,296,1
69,237,1
0,7,2
34,24,1
77,41,1
119,132,1
508,496,1
37,71,1
190,185,1
184,189,1
73,62,1
95,104,1
318,291,1
455,447,1
153,158,1
39,77,1
448,450,1
116,120,1
77,176,1
28,15,1
123,128,1
369,372,1
46,60,1
150,153,1
463,450,1
125,126,1
291,284,2
456,430,1
359,378,1
230,236,1
287,276,1
432,450,1
464,447,1
523,518,1
461,439,1
192,194,1
200,180,1
337,344,1
411,415,1
2,5,1
336,340,1
424,449,1
259,262,1
489,501,1
26,141,1
193,200,1
48,61,1
72,65,1
2,16,1
423,441,1
71,41,1
379,330,1
355,346,1
292,310,1
3,23,1
513,517,1
69,77,1
305,306,1
190,191,1
160,163,1
197,199,1
288,279,1
301,284,1
491,485,1
42,56,1
332,330,1
311,295,1
430,307,1
251,255,1
45,64,1
360,381,1
122,132,1
430,321,1
423,435,1
464,430,1
492,502,1
200,100,1
77,45,1
174,56,1
145,146,1
374,375,1
15,17,1
38,59,1
154,156,1
67,36,2
75,42,1
441,469,1
400,410,1
429,436,1
269,280,1
320,289,1
454,464,1
91,83,1
338,341,1
342,348,1
224,207,1
358,341,1
321,450,1
183,88,1
312,315,1
255,263,1
206,207,1
325,329,1
384,392,1
342,352,1
100,88,1
176,177,1
27,12,1
33,16,1
222,208,1
42,65,1
1,26,1
49,55,1
425,449,1
442,452,1
398,440,1
32,14,1
42,52,1
379,368,1
312,303,1
168,155,1
32,13,1
386,387,1
73,36,1
319,322,1
44,52,1
29,11,1
26,3,2
422,411,1
177,182,1
290,283,1
44,65,1
111,109,1
264,271,1
333,289,1
100,102,1
255,249,1
436,445,1
31,33,1
423,461,1
267,277,1
30,23,1
311,472,1
34,16,1
269,284,1
124,129,1
359,374,1
41,50,1
167,160,1
205,213,1
72,56,1
153,157,1
482,469,1
303,284,1
523,520,1
316,467,1
431,437,1
523,531,1
417,422,1
377,373,1
524,533,1
332,300,1
424,452,1
68,124,1
70,41,1
229,243,1
109,130,1
311,505,1
344,348,1
382,371,1
33,24,1
148,164,1
50,61,1
420,421,1
116,131,1
371,372,1
60,65,1
260,250,1
509,505,1
5,16,1
122,127,1
102,103,1
416,409,1
462,450,1
408,412,1
28,30,1
336,352,1
27,10,1
84,89,1
336,291,1
337,351,1
192,6,1
454,438,1
217,218,1
71,125,1
150,121,1
399,389,1
31,13,1
167,156,1
70,45,1
174,185,1
265,286,1
457,430,1
170,157,1
90,81,1
359,381,1
67,62,1
243,233,1
492,506,1
335,328,1
359,380,1
410,412,1
38,58,1
136,131,1
397,389,1
427,430,1
78,63,1
419,421,1
194,173,1
173,153,1
516,517,1
52,61,1
376,380,1
306,308,1
118,135,1
5,24,1
7,25,1
97,101,1
137,7,1
8,19,1
390,391,1
6,14,1
196,77,1
225,205,1
214,215,1
376,381,1
135,123,1
290,277,1
251,253,1
359,370,1
292,306,1
441,448,1
322,323,1
337,353,1
286,270,1
432,438,1
54,56,1
339,347,1
425,452,1
442,449,1
157,163,1
166,158,1
60,185,1
365,371,1
125,102,1
68,126,1
353,338,1
79,86,1
139,3,1
509,501,1
290,270,1
46,63,1
525,527,1
4,142,1
40,42,1
426,432,1
482,490,1
255,260,1
259,246,1
9,140,1
540,545,1
56,187,1
424,321,1
115,116,1
190,198,1
102,109,2
71,62,1
423,446,1
539,537,1
465,452,1
228,229,1
430,449,1
331,300,1
29,12,1
462,427,1
207,211,1
366,367,1
497,500,1
405,414,1
433,434,1
535,540,1
82,56,1
535,543,1
228,146,1
531,519,1
198,60,1
143,4,1
32,33,1
320,331,1
293,315,1
178,153,1
547,548,1
75,57,1
275,284,1
462,449,1
310,479,1
495,510,1
51,65,1
544,547,1
356,350,1
193,77,1
136,120,1
525,513,1
30,35,1
139,140,1
424,307,1
166,157,1
215,217,1
126,109,1
180,88,1
176,153,1
376,372,1
267,269,1
286,280,1
36,138,1
211,214,1
319,320,1
353,339,1
195,60,1
190,177,1
424,459,1
75,44,1
441,511,1
85,86,1
78,49,1
294,304,1
117,123,1
201,220,1
398,433,1
161,162,1
167,163,1
45,56,1
266,274,1
290,280,1
45,55,1
310,306,1
401,419,1
39,49,1
511,503,1
5,6,1
321,325,1
360,380,1
114,41,1
435,452,1
323,329,1
354,346,1
353,358,1
312,380,1
101,41,1
118,36,1
459,439,1
123,126,1
26,6,1
291,347,1
458,439,1
433,441,1
535,546,1
199,187,1
238,69,1
423,450,1
522,513,1
463,464,1
321,387,1
454,447,1
109,131,1
453,462,1
149,168,1
267,282,1
158,160,1
71,36,2
71,57,1
152,159,1
493,485,1
288,282,1
453,445,1
302,305,1
361,366,1
195,173,1
34,3,1
0,9,2
28,20,1
194,77,1
511,504,1
138,4,1
359,291,1
423,463,1
74,48,1
71,45,1
266,279,1
311,510,1
448,449,1
203,211,1
33,6,1
112,109,1
221,210,1
135,126,1
312,372,1
462,438,1
465,449,1
8,22,1
90,56,1
417,421,1
171,187,1
430,452,1
418,406,1
35,15,1
307,145,1
126,133,1
157,160,1
394,386,1
162,163,1
331,322,1
309,145,1
28,7,1
331,330,1
387,448,1
463,427,1
77,64,1
41,58,1
5,19,1
426,442,1
75,62,1
514,517,1
45,65,1
45,52,1
221,219,1
275,279,1
499,500,1
72,44,1
320,334,1
381,371,1
165,161,1
313,306,1
304,307,1
423,387,1
171,193,1
77,188,1
462,464,1
522,527,1
51,52,1
147,168,1
245,248,1
50,59,1
423,350,1
71,48,1
172,200,1
311,308,1
76,60,1
192,186,1
228,69,1
48,50,1
150,159,1
533,519,1
529,531,1
155,162,1
321,446,1
529,520,1
463,438,1
379,296,1
365,367,1
176,189,1
428,448,1
355,343,1
525,515,1
383,384,1
437,445,1
462,452,1
38,40,1
198,173,1
292,301,1
426,451,1
252,257,1
73,74,1
36,13,1
174,177,1
396,390,1
548,536,1
36,25,1
545,548,1
8,21,1
471,467,1
311,501,1
164,167,1
31,36,1
400,404,1
28,17,1
40,50,1
313,315,1
295,309,1
75,124,1
407,413,1
423,427,1
255,258,1
291,295,1
316,496,1
366,375,1
37,51,1
521,517,1
292,317,1
1,21,1
437,446,1
471,468,1
312,299,1
72,62,1
462,321,1
110,36,1
273,282,1
389,391,1
156,162,1
181,187,1
448,452,1
119,121,1
74,41,1
7,11,1
191,188,1
150,161,1
455,463,1
8,20,1
43,46,1
167,65,1
253,245,1
145,14,1
116,102,1
241,235,1
289,279,1
113,108,1
321,447,1
457,441,1
79,92,1
230,241,1
367,371,1
128,133,1
346,350,1
74,45,1
192,195,1
289,330,1
341,347,1
73,49,1
256,246,1
75,36,2
224,210,1
254,255,1
277,285,1
310,312,1
28,2,1
76,53,1
29,5,1
158,163,1
14,140,1
206,216,1
307,309,1
456,398,1
469,510,1
428,444,1
494,488,1
27,6,1
68,72,1
61,66,1
437,387,1
89,131,1
13,22,1
82,89,1
239,242,1
292,284,1
455,450,1
34,18,1
41,53,1
316,468,1
68,61,1
463,447,1
67,74,1
297,303,1
378,379,1
266,273,1
353,352,1
148,170,1
164,163,1
453,429,1
154,157,1
383,398,1
500,501,1
137,146,1
71,74,1
425,321,1
252,261,1
135,102,1
378,365,1
524,529,1
527,514,1
294,299,1
460,441,1
478,480,1
441,444,1
41,51,1
46,47,1
98,99,1
197,189,1
75,61,1
168,157,1
125,131,1
13,21,1
230,232,1
265,271,1
299,307,1
312,381,1
281,412,1
241,233,1
432,447,1
333,334,1
2,11,1
401,416,1
290,273,1
60,186,1
227,230,1
69,52,1
280,285,1
463,443,1
5,11,1
69,65,1
0,19,1
426,465,1
523,516,1
207,210,1
52,64,1
432,443,1
531,517,1
291,306,1
362,364,1
456,440,1
91,84,1
291,329,1
122,129,1
546,538,1
1,8,1
51,56,1
33,140,1
209,219,1
469,501,1
175,179,1
97,108,1
31,7,1
427,439,1
359,368,1
326,329,1
147,162,1
202,215,1
457,440,1
299,145,1
191,196,1
360,368,1
286,279,1
168,158,1
401,412,1
36,42,1
115,129,1
318,325,1
12,16,1
2,19,1
289,300,1
460,434,1
402,411,1
26,16,1
6,20,1
60,88,1
209,210,1
261,246,1
38,68,1
203,213,1
68,129,1
423,454,1
457,398,1
38,67,1
242,235,1
304,145,1
37,58,1
2,3,1
229,236,1
387,444,1
370,373,1
535,539,1
26,28,1
136,130,1
298,284,1
462,447,1
29,4,2
169,159,1
418,411,1
44,186,1
424,447,1
305,284,1
175,178,1
360,291,1
323,326,1
1,22,1
528,520,1
434,439,1
528,531,1
430,447,1
264,286,1
323,328,1
58,59,1
457,434,1
379,365,1
398,384,1
401,418,1
425,459,1
124,132,1
72,57,1
224,219,1
32,34,1
298,302,1
310,298,1
436,437,1
36,162,1
524,516,1
121,124,1
316,294,1
435,449,1
6,60,1
230,235,1
80,88,1
144,3,1
312,297,1
31,20,1
426,460,1
227,233,1
6,189,1
201,205,1
76,46,1
271,279,1
151,159,1
330,364,1
55,58,1
93,36,1
28,29,1
38,54,1
291,371,1
387,391,1
129,132,1
6,7,1
222,217,1
465,439,1
